"","id","StartDepth","EndDepth","SurfaceSalinity","BottomSalinity","SurfaceDO","BottomDO","SurfaceTemp","BottomTemp","Secchi","Year","Week","Month","Date","Station","Season","StartLat","EndLat","StartLong","EndLong","anchovy.y","bluecrab.y","bluefish.y","butter.y","calico.y","clearnosesk.y","cunner.y","dog.y","fluke.y","herring.y","hog.y","horse.y","jack.y","king.y","littlesk.y","lizard.y","mantis.y","menhaden.y","naked.y","pipe.y","puffer.y","robin.y","sand.y","scad.y","scup.y","seabass.y","seagoby.y","silverside.y","smallfl.y","spider.y","spot.y","spothake.y","squid.y","strrobin.y","tautog.y","toad.y","tomcod.y","weak.y","window.y","winterfl.y","wintersk.y","Grand.Total"
"1",1996191,6.096,2.25552,27.4,27.4,8.6,8.4,12.9,12.6,2.8956,1996,19,"may","07/05/1996",1,"spring",NA,NA,NA,NA,NA,NA,NA,NA,23,NA,NA,NA,NA,NA,NA,1,NA,NA,1,NA,NA,NA,NA,NA,NA,NA,NA,NA,NA,NA,NA,NA,NA,173,NA,NA,NA,1,NA,NA,1,NA,5,2,1,208
"2",1996231,7.62,3.048,27.7,27.1,8.14,8.33,16.2,16.1,3.048,1996,23,"june","04/06/1996",1,"spring",NA,NA,NA,NA,NA,NA,NA,NA,113,NA,NA,NA,NA,NA,NA,4,NA,NA,NA,NA,NA,NA,NA,1,NA,NA,NA,NA,NA,NA,NA,NA,1,124,NA,NA,NA,1,2,NA,1,NA,2,3,1,253
"3",1996291,3.9624,4.8768,28.2,28.3,7.18,7.24,22.6,22.2,3.3528,1996,29,"july","16/07/1996",1,"summer",NA,NA,NA,NA,NA,NA,NA,NA,218,NA,NA,NA,NA,NA,NA,NA,NA,NA,NA,NA,NA,NA,NA,NA,4,NA,NA,NA,1,NA,NA,24,NA,131,NA,NA,7,NA,NA,NA,NA,1,NA,4,NA,390
"4",1996371,8.2296,2.7432,29.2,29.2,5.83,5.67,23.4,23.1,0,1996,37,"september","09/09/1996",1,"fall",NA,NA,NA,NA,NA,NA,NA,NA,99,NA,NA,NA,2,NA,NA,3,NA,NA,NA,NA,NA,NA,NA,NA,3,NA,NA,NA,4,NA,NA,1,NA,27,NA,NA,2,NA,NA,NA,NA,NA,NA,7,NA,148
"5",1996252,5.1816,1.76784,27.7,27.7,7.1,7.1,22.3,20.8,2.8956,1996,25,"june","17/06/1996",2,"spring",NA,NA,NA,NA,2,NA,NA,NA,34,NA,NA,NA,1,1,NA,NA,NA,NA,NA,NA,1,NA,NA,NA,NA,NA,NA,NA,NA,NA,NA,NA,NA,5,NA,NA,NA,NA,NA,NA,NA,NA,1,17,NA,62
"6",1996322,4.8768,4.2672,28.3,28.3,7.6,7.8,24.8,23.1,2.4384,1996,32,"august","07/08/1996",2,"summer",NA,NA,NA,NA,NA,NA,NA,NA,90,NA,NA,1,3,NA,NA,6,NA,NA,NA,NA,4,NA,NA,NA,4,NA,NA,NA,NA,NA,NA,2,2,28,NA,NA,5,2,NA,NA,NA,16,1,19,NA,183
"7",1996352,3.048,1.31064,28.5,28.8,6.92,6.9,24.7,23.5,2.7432,1996,35,"august","26/08/1996",2,"summer",NA,NA,NA,NA,3,NA,NA,NA,28,NA,NA,NA,2,NA,NA,4,1,NA,NA,NA,9,1,NA,NA,NA,NA,NA,NA,5,NA,2,50,NA,36,NA,NA,1,4,NA,NA,NA,14,1,12,NA,173
"8",1996372,4.2672,3.048,28.7,29.6,5.99,5.48,23.9,22.9,2.8956,1996,37,"september","09/09/1996",2,"fall",NA,NA,NA,NA,4,NA,NA,NA,80,NA,NA,NA,2,NA,NA,NA,NA,7,NA,NA,1,NA,NA,NA,3,1,NA,NA,1,NA,NA,1,2,22,1,NA,3,1,NA,NA,NA,4,4,4,NA,141
"9",1996382,4.8768,1.8288,29.5,29.8,7.4,7,19.4,19.4,1.8288,1996,38,"september","20/09/1996",2,"fall",NA,NA,NA,NA,NA,2,NA,NA,2,NA,NA,NA,NA,NA,NA,NA,NA,NA,NA,NA,1,NA,NA,2,NA,NA,NA,NA,2,NA,1,NA,NA,1,NA,NA,NA,NA,1,NA,NA,1,NA,6,NA,19
"10",1996422,5.1816,1.92024,30,29.9,8.18,8.19,14.2,13.5,5.334,1996,42,"october","16/10/1996",2,"fall",NA,NA,NA,NA,10,NA,NA,NA,20,NA,NA,NA,NA,NA,NA,NA,NA,NA,NA,NA,2,NA,NA,NA,NA,NA,NA,NA,NA,NA,NA,1,NA,44,NA,NA,NA,1,NA,NA,NA,NA,3,16,NA,97
"11",1996293,10.3632,6.096,28.3,28.5,7.06,7.22,22.2,21.9,2.8956,1996,29,"july","16/07/1996",3,"summer",NA,NA,NA,NA,NA,NA,NA,NA,119,NA,NA,3,2,NA,NA,NA,NA,NA,NA,NA,NA,NA,NA,NA,4,NA,NA,1,6,NA,1,5,NA,49,NA,NA,7,NA,NA,NA,NA,8,NA,11,NA,216
"12",1996373,10.0584,4.8768,29.1,28.6,5.87,5.71,23.4,23,3.048,1996,37,"september","09/09/1996",3,"fall",NA,NA,NA,NA,2,NA,NA,NA,37,NA,NA,3,1,NA,NA,NA,NA,3,NA,NA,1,NA,NA,NA,3,2,NA,NA,13,NA,NA,NA,NA,1,5,NA,1,20,NA,NA,NA,70,4,10,NA,176
"13",1996294,5.4864,5.7912,28.2,28.2,7.2,7.2,22.3,22.3,2.4384,1996,29,"july","16/07/1996",4,"summer",NA,NA,NA,NA,NA,NA,NA,NA,173,NA,NA,NA,NA,NA,NA,NA,NA,NA,NA,NA,NA,NA,NA,NA,4,NA,NA,NA,7,NA,NA,123,NA,43,NA,NA,3,NA,1,NA,NA,NA,NA,3,NA,357
"14",1996414,8.5344,8.5344,30,29.9,7.6,7.7,16.2,16.1,2.7432,1996,41,"october","10/10/1996",4,"fall",NA,NA,NA,NA,7,NA,NA,1,92,NA,NA,NA,1,NA,NA,2,NA,1,NA,NA,NA,NA,NA,1,NA,NA,NA,NA,1,NA,NA,NA,5,4,NA,NA,1,NA,NA,NA,NA,1,3,1,1,122
"15",1996275,3.9624,3.3528,27.7,27.5,7.09,7.16,21,21,2.4384,1996,27,"july","01/07/1996",5,"summer",NA,NA,NA,NA,NA,NA,NA,NA,109,NA,NA,NA,1,NA,NA,NA,NA,NA,NA,NA,NA,NA,NA,NA,1,NA,NA,NA,NA,NA,NA,3,2,8,NA,NA,4,NA,NA,NA,NA,NA,NA,2,NA,130
"16",1996295,3.6576,3.9624,28.1,28.2,7.4,7.3,22.5,22.3,2.7432,1996,29,"july","16/07/1996",5,"summer",NA,NA,NA,NA,NA,NA,NA,NA,37,NA,NA,NA,NA,NA,NA,NA,NA,NA,NA,NA,NA,1,NA,2,14,NA,NA,NA,NA,NA,NA,495,3,2,NA,NA,NA,NA,NA,NA,NA,NA,NA,5,NA,559
"17",1996315,0,3.9624,28.5,28.5,6.82,7,22.7,22.7,3.5052,1996,31,"july","30/07/1996",5,"summer",NA,NA,NA,NA,NA,NA,NA,NA,6,NA,NA,NA,2,NA,NA,NA,NA,NA,NA,NA,NA,NA,NA,2,1,NA,NA,NA,NA,NA,NA,1498,NA,4,NA,NA,NA,NA,NA,NA,NA,NA,NA,1,NA,1514
"18",1996425,3.6576,6.7056,30.1,30.1,8.05,8.05,14.4,14.3,4.8768,1996,42,"october","16/10/1996",5,"fall",NA,NA,NA,NA,NA,2,NA,NA,23,NA,NA,NA,NA,NA,NA,2,NA,NA,NA,NA,NA,NA,NA,NA,NA,NA,NA,NA,NA,NA,NA,NA,1,4,NA,NA,NA,NA,NA,NA,NA,NA,3,NA,5,40
"19",1996206,5.4864,23.1648,27.4,27.4,8.23,8.58,13.3,13.3,0,1996,20,"may","14/05/1996",6,"spring",NA,NA,NA,NA,NA,NA,NA,NA,NA,NA,NA,NA,NA,NA,NA,3,NA,NA,NA,NA,NA,NA,NA,NA,NA,NA,NA,NA,NA,NA,NA,NA,NA,37,NA,NA,7,NA,NA,NA,NA,NA,NA,2,3,52
"20",1996316,5.4864,5.1816,28.6,28.4,6.85,7.11,22.9,22.6,2.5908,1996,31,"july","30/07/1996",6,"summer",NA,NA,NA,NA,NA,NA,NA,NA,77,NA,NA,NA,1,NA,NA,3,NA,NA,NA,NA,NA,NA,NA,NA,7,NA,NA,NA,6,NA,NA,3,NA,51,NA,NA,1,3,NA,1,NA,NA,2,NA,NA,155
"21",1996346,6.096,6.4008,28.4,28.5,6.5,6.7,23.4,23.4,2.286,1996,34,"august","19/08/1996",6,"summer",NA,NA,NA,NA,NA,NA,NA,NA,49,NA,NA,NA,NA,NA,NA,NA,NA,NA,NA,NA,NA,NA,NA,1,51,NA,NA,NA,7,NA,NA,NA,NA,16,NA,NA,NA,1,NA,NA,NA,NA,NA,1,NA,126
"22",1996376,5.1816,23.1648,28.7,28.6,6,5.8,23.5,23.4,2.286,1996,37,"september","09/09/1996",6,"fall",NA,NA,NA,NA,NA,NA,NA,NA,57,NA,1,NA,NA,NA,NA,NA,NA,NA,NA,NA,NA,NA,NA,NA,8,NA,NA,NA,26,NA,1,NA,NA,1,NA,NA,6,NA,2,2,NA,NA,NA,NA,NA,104
"23",1996436,5.7912,3.048,29.2,29.4,7.99,8.05,14.3,14.2,4.7244,1996,43,"october","23/10/1996",6,"fall",NA,NA,NA,NA,NA,NA,NA,NA,14,NA,NA,NA,NA,NA,NA,1,NA,NA,NA,NA,NA,NA,NA,2,NA,NA,NA,NA,NA,NA,NA,NA,NA,9,NA,NA,NA,NA,NA,NA,NA,NA,1,NA,3,30
"24",1996267,3.3528,3.048,27.7,27.7,7.13,7.15,21.3,21.2,1.9812,1996,26,"june","25/06/1996",7,"spring",NA,NA,NA,NA,NA,NA,NA,NA,143,NA,NA,NA,2,NA,NA,1,NA,NA,NA,NA,NA,NA,NA,2,NA,NA,NA,NA,NA,NA,NA,NA,1,5,NA,NA,6,1,NA,NA,NA,NA,NA,6,NA,167
"25",1996327,2.7432,3.3528,28,28.2,7.6,7.7,24,23.8,2.8956,1996,32,"august","07/08/1996",7,"summer",NA,NA,NA,NA,NA,NA,NA,NA,125,NA,NA,NA,NA,NA,NA,NA,NA,NA,NA,NA,NA,NA,NA,2,3,1,NA,NA,1,NA,NA,2,NA,8,NA,NA,NA,3,NA,NA,NA,NA,2,NA,NA,147
"26",1996357,3.9624,3.6576,28.5,28.5,6.5,6.6,24.1,24.1,3.048,1996,35,"august","26/08/1996",7,"summer",NA,NA,NA,NA,NA,NA,NA,NA,40,NA,NA,3,NA,NA,NA,NA,NA,NA,NA,NA,NA,NA,NA,1,NA,1,NA,NA,NA,NA,NA,NA,NA,6,NA,NA,NA,NA,NA,NA,NA,NA,NA,NA,NA,51
"27",1996238,2.95656,3.048,28,26.9,8.11,8.2,16.8,16.8,2.286,1996,23,"june","04/06/1996",8,"spring",NA,NA,NA,NA,NA,NA,NA,NA,9,NA,NA,NA,NA,NA,NA,NA,NA,NA,NA,NA,NA,NA,NA,NA,NA,NA,NA,NA,NA,NA,NA,NA,NA,3,NA,NA,NA,NA,NA,NA,NA,NA,NA,NA,NA,12
"28",1996258,1.85928,3.3528,27.9,27.9,7.43,7.47,21.2,21.1,2.4384,1996,25,"june","17/06/1996",8,"spring",NA,NA,NA,NA,NA,NA,NA,NA,38,NA,NA,NA,1,NA,NA,NA,NA,NA,NA,NA,NA,NA,1,NA,NA,NA,NA,NA,NA,NA,NA,NA,NA,19,NA,NA,NA,NA,1,NA,NA,NA,1,62,NA,123
"29",1996288,2.04216,4.8768,28.2,28.3,7.93,7.95,22.5,22.4,2.1336,1996,28,"july","10/07/1996",8,"summer",NA,NA,NA,NA,NA,NA,NA,NA,178,NA,NA,NA,NA,NA,NA,NA,NA,NA,NA,NA,NA,NA,NA,NA,1,NA,NA,NA,NA,NA,NA,NA,NA,28,NA,NA,2,NA,NA,NA,NA,NA,NA,2,NA,211
"30",1996318,10.3632,3.3528,28.4,28.6,7.03,7.14,23.1,22.5,3.3528,1996,31,"july","30/07/1996",8,"summer",NA,NA,NA,NA,NA,NA,NA,NA,37,NA,NA,NA,2,NA,NA,1,NA,NA,NA,NA,NA,NA,NA,1,1,NA,NA,NA,NA,NA,NA,13,NA,6,NA,NA,NA,NA,NA,NA,NA,NA,NA,8,NA,69
"31",1996428,6.096,3.048,30,30.1,8.15,8.05,14,14,4.572,1996,42,"october","16/10/1996",8,"fall",NA,NA,NA,NA,NA,NA,NA,NA,17,NA,NA,NA,1,NA,NA,NA,NA,NA,NA,NA,NA,NA,NA,8,NA,NA,NA,NA,NA,NA,NA,2,NA,21,NA,NA,NA,NA,3,NA,NA,NA,NA,2,NA,54
"32",1996199,4.2672,6.4008,27.3,27.4,8.4,8.7,13.9,12.7,1.9812,1996,19,"may","07/05/1996",9,"spring",NA,NA,NA,NA,1122,NA,NA,NA,1,NA,NA,NA,NA,3,NA,3,NA,NA,NA,NA,NA,NA,NA,NA,NA,NA,NA,NA,NA,NA,NA,NA,NA,1,NA,NA,NA,NA,NA,NA,NA,NA,4,10,NA,1144
"33",1996229,4.8768,6.4008,27,27,8,8.1,17.4,17.4,2.5908,1996,22,"may","28/05/1996",9,"spring",NA,NA,NA,NA,79,NA,NA,NA,60,NA,NA,NA,1,1074,NA,10,NA,NA,NA,NA,2,NA,1,NA,NA,1,NA,NA,NA,NA,NA,NA,NA,5,NA,3,NA,1,NA,NA,NA,NA,4,6,NA,1247
"34",1996289,4.8768,3.048,28.1,0,7.49,7.18,22.8,22.2,2.286,1996,28,"july","10/07/1996",9,"summer",NA,NA,NA,NA,55,NA,NA,2,111,NA,NA,NA,1,NA,NA,NA,NA,NA,NA,NA,8,NA,NA,1,85,NA,NA,NA,27,NA,NA,377,NA,NA,NA,NA,6,7,NA,NA,NA,190,13,58,NA,941
"35",1996299,3.048,2.4384,28.1,28.1,7.83,7.8,22.9,22.8,3.5052,1996,29,"july","16/07/1996",9,"summer",NA,NA,NA,NA,NA,NA,NA,1,42,NA,NA,NA,1,NA,NA,NA,NA,1,NA,NA,NA,15,NA,NA,12,NA,NA,NA,NA,NA,NA,131,NA,1,NA,NA,3,NA,3,NA,NA,1,1,3,NA,215
"36",1996379,4.572,6.7056,28.8,28.8,5.63,5.92,24,23.4,1.524,1996,37,"september","09/09/1996",9,"fall",NA,NA,NA,NA,91,1,NA,NA,2,NA,NA,2,1,NA,NA,NA,NA,NA,NA,NA,4,NA,NA,1,1,NA,NA,NA,NA,NA,NA,NA,NA,NA,NA,NA,NA,1,NA,NA,NA,7,NA,6,NA,117
"37",1996409,5.1816,7.62,29.7,29.8,7.6,7.9,18.8,18.8,2.5908,1996,40,"october","02/10/1996",9,"fall",NA,NA,NA,NA,NA,NA,NA,NA,23,NA,NA,1,NA,NA,NA,1,NA,NA,NA,NA,1,NA,NA,1,NA,NA,NA,NA,8,NA,NA,NA,NA,NA,NA,NA,NA,2,16,NA,NA,NA,NA,2,NA,55
"38",19962110,3.048,4.8768,26.7,26.5,8.42,8.38,16.3,15.4,3.3528,1996,21,"may","22/05/1996",10,"spring",NA,NA,NA,NA,4,NA,NA,NA,7,NA,NA,NA,NA,504,NA,NA,NA,NA,NA,NA,NA,NA,NA,4,NA,NA,NA,NA,NA,NA,NA,NA,NA,2,NA,1,NA,NA,NA,NA,2,NA,2,6,NA,532
"39",19962910,5.7912,7.0104,28,28.1,8.27,8.14,23.1,22.4,2.7432,1996,29,"july","16/07/1996",10,"summer",NA,NA,NA,NA,2,NA,NA,4,21,NA,NA,NA,NA,NA,NA,NA,NA,NA,NA,NA,NA,1,NA,1,NA,NA,NA,NA,3,NA,NA,162,1,NA,NA,NA,56,2,NA,NA,NA,5,NA,4,NA,262
"40",19963211,2.92608,4.572,28,28.1,7.56,7.63,23.9,23.4,2.8956,1996,32,"august","07/08/1996",11,"summer",NA,NA,NA,NA,1,NA,NA,1,35,NA,NA,NA,NA,NA,NA,NA,NA,2,NA,NA,NA,NA,NA,2,1,NA,NA,NA,2,NA,NA,NA,NA,NA,NA,NA,NA,2,NA,NA,NA,NA,NA,3,NA,49
"41",19962712,3.048,3.3528,28,27.8,7.01,6.99,20.6,20.7,2.4384,1996,27,"july","01/07/1996",12,"summer",NA,NA,NA,NA,NA,NA,NA,NA,88,NA,NA,NA,3,NA,NA,NA,NA,NA,NA,NA,NA,NA,NA,1,NA,NA,NA,NA,NA,NA,NA,3,NA,10,NA,NA,NA,NA,NA,NA,NA,NA,NA,1,NA,106
"42",19962812,2.7432,3.6576,28,28.1,7.9,8.1,23,23,2.5908,1996,28,"july","10/07/1996",12,"summer",NA,NA,NA,NA,1,NA,NA,NA,108,NA,NA,NA,1,NA,NA,NA,NA,NA,NA,NA,NA,NA,NA,NA,NA,NA,NA,NA,1,NA,NA,279,NA,22,NA,NA,NA,NA,10,NA,NA,1,NA,2,NA,425
"43",19963312,2.46888,3.6576,28.3,28.3,7.16,7.16,22.9,22.9,3.6576,1996,33,"august","15/08/1996",12,"summer",NA,NA,NA,NA,NA,NA,NA,NA,41,NA,1,NA,3,NA,NA,NA,NA,NA,NA,NA,NA,NA,NA,1,NA,NA,NA,NA,1,NA,NA,2,NA,20,NA,NA,NA,NA,2,NA,NA,NA,NA,NA,NA,71
"44",19963912,3.3528,6.7056,29.8,29.8,7.1,7.1,18.9,18.9,4.1148,1996,39,"september","24/09/1996",12,"fall",NA,NA,NA,NA,NA,NA,NA,NA,193,NA,NA,NA,NA,NA,NA,NA,NA,NA,NA,NA,NA,NA,1,NA,NA,NA,NA,NA,NA,NA,NA,1,NA,29,NA,NA,NA,NA,1,NA,NA,NA,NA,NA,NA,225
"45",19962313,8.2296,8.5344,27.3,27.1,8.3,8.1,17.2,17,3.3528,1996,23,"june","04/06/1996",13,"spring",NA,NA,NA,NA,NA,NA,NA,NA,10,NA,NA,1,NA,NA,NA,2,NA,NA,NA,NA,NA,NA,NA,NA,NA,NA,NA,NA,NA,NA,NA,NA,NA,2,NA,NA,NA,NA,NA,NA,NA,NA,NA,1,NA,16
"46",19962713,8.2296,7.0104,27.7,28.3,7.36,6.85,21.1,20.7,2.7432,1996,27,"july","01/07/1996",13,"summer",NA,NA,NA,NA,1,NA,NA,NA,132,NA,NA,46,3,NA,NA,NA,NA,NA,NA,NA,2,NA,NA,NA,NA,2,NA,NA,6,NA,NA,1,NA,25,NA,NA,7,NA,1,1,NA,7,NA,39,NA,273
"47",19963013,8.5344,8.2296,28.3,28.4,7.21,6.94,22.8,22.5,2.286,1996,30,"july","22/07/1996",13,"summer",NA,NA,NA,NA,1,NA,NA,NA,37,NA,NA,NA,1,NA,NA,NA,NA,NA,NA,NA,NA,NA,NA,4,10,NA,NA,NA,1,NA,NA,NA,NA,3,NA,NA,10,2,NA,NA,NA,2,4,26,NA,101
"48",19963213,7.3152,11.5824,28.2,28.3,7.42,7.76,23.9,23.1,2.7432,1996,32,"august","07/08/1996",13,"summer",NA,NA,NA,NA,4,NA,NA,NA,76,NA,NA,22,3,NA,NA,NA,NA,NA,NA,NA,4,NA,NA,5,22,NA,NA,NA,19,NA,NA,1,6,2,NA,NA,8,8,NA,1,NA,407,31,26,NA,645
"49",19963313,7.9248,13.1064,28.3,28.4,7.35,7.58,23.7,22.7,3.5052,1996,33,"august","15/08/1996",13,"summer",NA,NA,NA,NA,NA,NA,NA,NA,61,NA,NA,NA,1,NA,NA,4,NA,2,NA,NA,NA,NA,NA,NA,7,2,NA,NA,NA,NA,NA,NA,NA,2,NA,NA,6,6,NA,NA,NA,2,1,11,NA,105
"50",19963613,7.9248,5.1816,28.9,29,6.35,6.72,24.1,23.2,2.4384,1996,36,"september","04/09/1996",13,"fall",NA,NA,NA,NA,23,NA,NA,1,49,NA,NA,1,3,NA,NA,NA,NA,3,NA,NA,3,NA,NA,NA,16,9,NA,NA,3,NA,NA,1,NA,NA,NA,NA,1,4,NA,NA,NA,7,NA,9,NA,133
"51",19964113,7.9248,10.9728,29.5,30,7.6,7.5,16,16,2.5908,1996,41,"october","10/10/1996",13,"fall",NA,NA,NA,NA,1,NA,NA,2,3,NA,NA,NA,5,NA,NA,2,NA,NA,NA,NA,NA,NA,NA,1,NA,NA,NA,NA,3,NA,NA,NA,1,3,1,NA,3,5,9,NA,NA,40,7,2,NA,88
"52",19962014,9.7536,8.8392,27.3,27.4,8.8,8.7,13.3,13.1,2.286,1996,20,"may","14/05/1996",14,"spring",NA,NA,NA,NA,NA,NA,NA,NA,15,NA,NA,NA,NA,NA,NA,NA,NA,NA,NA,NA,2,NA,NA,NA,NA,NA,NA,NA,NA,NA,NA,NA,NA,13,NA,NA,10,NA,1,NA,3,NA,NA,3,1,48
"53",19963014,10.9728,7.9248,28.3,28.4,7.16,6.54,22.7,22.3,3.3528,1996,30,"july","22/07/1996",14,"summer",NA,NA,NA,NA,9,NA,NA,2,70,NA,NA,1,NA,1,NA,1,NA,NA,NA,NA,9,NA,NA,1,4,NA,NA,NA,20,NA,NA,NA,NA,2,NA,NA,19,NA,1,NA,NA,198,7,9,NA,354
"54",19963114,11.5824,7.0104,28.5,28.5,6.61,7.07,23,22.6,3.048,1996,31,"july","30/07/1996",14,"summer",NA,NA,NA,NA,19,NA,NA,1,6,NA,NA,NA,NA,NA,NA,NA,NA,NA,NA,NA,3,NA,NA,4,1,NA,NA,NA,NA,NA,NA,NA,NA,NA,NA,NA,86,6,1,NA,NA,280,1,7,NA,415
"55",19963914,11.5824,6.7056,29.9,30,7,6.7,19,18.7,4.572,1996,39,"september","24/09/1996",14,"fall",NA,NA,NA,NA,NA,NA,NA,NA,NA,NA,NA,NA,NA,NA,NA,NA,NA,2,NA,NA,6,NA,NA,1,NA,1,NA,NA,2,NA,NA,NA,NA,3,NA,NA,NA,5,NA,NA,NA,6,7,2,NA,35
"56",19964014,11.2776,7.3152,29.7,30,7.7,7.7,18.7,18.4,3.3528,1996,40,"october","02/10/1996",14,"fall",NA,NA,NA,NA,NA,NA,NA,NA,NA,NA,NA,NA,1,NA,NA,NA,NA,NA,NA,NA,8,NA,NA,2,NA,NA,NA,NA,2,NA,NA,NA,NA,2,NA,NA,NA,NA,1,NA,NA,1,9,8,NA,34
"57",19964114,7.0104,7.3152,29.9,30,7.67,7.59,16.1,15.8,3.6576,1996,41,"october","10/10/1996",14,"fall",NA,NA,NA,NA,143,NA,NA,1,NA,NA,NA,NA,NA,NA,NA,NA,NA,NA,NA,NA,NA,NA,NA,NA,NA,NA,NA,NA,6,NA,NA,NA,NA,NA,1,NA,NA,NA,1,NA,NA,3,1,2,NA,158
"58",19964414,12.192,7.9248,29.7,29.7,8.9,8.9,13.2,13.2,4.8768,1996,44,"october","30/10/1996",14,"fall",NA,NA,NA,NA,1,NA,NA,NA,2,NA,NA,NA,1,NA,NA,NA,NA,NA,NA,NA,1,NA,NA,NA,NA,NA,NA,NA,NA,NA,NA,NA,NA,2,NA,NA,NA,NA,NA,NA,NA,NA,NA,2,NA,9
"59",19962415,7.3152,8.5344,27.5,27.6,8.6,8.1,22.2,19.7,2.1336,1996,24,"june","13/06/1996",15,"spring",NA,NA,NA,NA,NA,NA,NA,NA,264,NA,NA,NA,NA,NA,NA,2,NA,NA,NA,NA,NA,NA,NA,NA,NA,NA,NA,NA,1,NA,NA,NA,NA,27,NA,NA,NA,NA,NA,NA,NA,NA,3,92,NA,389
"60",19962615,7.62,5.1816,27.8,27.8,7.31,6.97,21.3,20.9,3.048,1996,26,"june","25/06/1996",15,"spring",NA,NA,NA,NA,NA,NA,NA,NA,108,NA,NA,NA,3,NA,NA,NA,NA,NA,NA,NA,NA,NA,NA,NA,NA,NA,NA,NA,NA,NA,1,NA,2,3,NA,NA,7,NA,NA,NA,NA,NA,11,272,NA,407
"61",19962715,6.4008,9.7536,28.6,28.7,7.1,7.2,20.7,20.7,2.5908,1996,27,"july","01/07/1996",15,"summer",NA,NA,NA,NA,NA,NA,NA,NA,152,NA,NA,NA,1,NA,NA,NA,NA,NA,NA,NA,NA,NA,NA,NA,NA,NA,NA,NA,1,NA,2,NA,3,1,NA,NA,3,1,NA,1,NA,NA,11,260,NA,436
"62",19963015,6.096,7.0104,28.3,28.3,7.21,7.21,22.8,22.5,2.7432,1996,30,"july","22/07/1996",15,"summer",NA,NA,NA,NA,9,NA,NA,NA,55,NA,NA,NA,2,NA,NA,NA,NA,NA,NA,NA,7,NA,NA,NA,8,NA,NA,NA,NA,NA,NA,NA,NA,NA,NA,NA,55,7,NA,NA,NA,113,9,44,NA,309
"63",19963415,6.096,9.144,28.5,28.5,6.27,6.75,23.6,23.2,2.8956,1996,34,"august","19/08/1996",15,"summer",NA,NA,NA,NA,38,NA,NA,1,41,NA,NA,1,1,NA,NA,NA,NA,NA,NA,NA,4,NA,NA,1,5,NA,NA,NA,NA,NA,NA,NA,2,1,NA,NA,2,NA,NA,NA,NA,279,NA,10,NA,386
"64",19962116,2.07264,3.9624,26.8,26.7,8.27,8.44,18.1,16.6,1.2192,1996,21,"may","21/05/1996",16,"spring",NA,NA,NA,NA,1,NA,NA,NA,20,NA,NA,NA,NA,NA,NA,16,NA,NA,NA,NA,14,NA,NA,NA,NA,NA,NA,NA,NA,NA,NA,NA,NA,2,NA,NA,NA,1,NA,1,2,2,NA,11,NA,70
"65",19962316,0,0,26.5,26.6,7.68,7.69,18.4,18.4,1.6764,1996,23,"june","03/06/1996",16,"spring",NA,NA,NA,NA,54,NA,NA,NA,29,NA,NA,NA,NA,11,NA,4,NA,NA,NA,NA,3,NA,NA,NA,NA,NA,NA,NA,NA,NA,NA,NA,NA,1,NA,NA,NA,NA,NA,NA,NA,NA,NA,11,NA,113
"66",19962516,3.6576,3.6576,27,27.2,7.19,5.89,23.9,23.2,2.1336,1996,25,"june","18/06/1996",16,"spring",NA,NA,NA,NA,200,NA,NA,NA,28,NA,NA,NA,NA,NA,NA,4,NA,NA,NA,NA,4,NA,3,2,NA,NA,NA,NA,NA,NA,1,NA,NA,1,NA,NA,NA,NA,NA,NA,NA,NA,14,12,NA,269
"67",19963516,3.048,2.8956,27.7,27.8,7.1,6,26.7,25.2,1.9812,1996,35,"august","26/08/1996",16,"summer",NA,NA,NA,NA,59,5,3,NA,66,NA,NA,NA,NA,NA,3,NA,NA,2,NA,NA,27,NA,NA,3,NA,NA,NA,NA,NA,NA,NA,1,NA,NA,2,NA,NA,NA,2,NA,NA,117,NA,10,NA,300
"68",19963616,3.3528,3.048,28.3,28.3,7.05,6.53,24.1,23.9,1.9812,1996,36,"september","04/09/1996",16,"fall",NA,NA,NA,NA,54,3,NA,NA,2,NA,NA,NA,NA,NA,NA,186,NA,NA,NA,NA,15,NA,NA,2,1,NA,NA,NA,NA,NA,NA,NA,NA,NA,4,NA,NA,4,NA,1,NA,96,1,16,NA,385
"69",19964116,3.9624,3.9624,29,29,7.6,7.7,15.7,15.7,2.1336,1996,41,"october","10/10/1996",16,"fall",NA,NA,NA,NA,217,NA,3,NA,70,NA,NA,NA,1,NA,NA,NA,NA,NA,NA,NA,8,NA,1,1,NA,NA,NA,NA,NA,NA,NA,NA,NA,NA,NA,NA,NA,NA,4,NA,NA,14,NA,3,NA,322
"70",19962517,6.096,4.572,27.4,27.5,6.85,6.65,22.6,21.8,2.8956,1996,25,"june","17/06/1996",17,"spring",NA,NA,NA,NA,11,NA,NA,NA,208,NA,NA,NA,1,55,NA,3,NA,NA,NA,NA,4,NA,2,1,NA,NA,NA,NA,1,NA,NA,NA,3,1,NA,NA,NA,NA,NA,2,NA,NA,3,124,NA,419
"71",19963417,6.096,6.4008,28.1,0,6.77,6.83,24.3,23.6,2.4384,1996,34,"august","19/08/1996",17,"summer",NA,NA,NA,NA,154,NA,1,NA,33,NA,NA,NA,NA,NA,NA,3,NA,NA,NA,NA,33,NA,NA,NA,15,NA,NA,NA,NA,NA,NA,NA,NA,NA,NA,NA,3,13,NA,NA,NA,977,3,1,NA,1236
"72",19963617,6.096,6.7056,28.9,28.7,6.4,5.86,24.3,23,1.524,1996,36,"september","04/09/1996",17,"fall",NA,NA,NA,NA,391,NA,NA,NA,4,NA,NA,NA,3,NA,NA,NA,NA,NA,NA,NA,43,NA,NA,NA,13,NA,NA,NA,2,NA,NA,NA,NA,NA,NA,NA,NA,3,NA,NA,NA,239,1,NA,NA,699
"73",19961918,5.7912,5.1816,27.3,27.3,8.22,8.23,14,12.8,2.4384,1996,19,"may","07/05/1996",18,"spring",NA,NA,NA,NA,25,NA,NA,NA,1,NA,NA,NA,NA,NA,NA,NA,NA,NA,NA,NA,NA,NA,NA,NA,NA,NA,NA,NA,NA,NA,NA,NA,NA,15,NA,1,3,NA,NA,NA,2,NA,6,7,NA,60
"74",19962118,7.62,6.096,26.7,27.6,8.3,8.5,16.5,16.2,3.3528,1996,21,"may","22/05/1996",18,"spring",NA,NA,NA,NA,NA,NA,NA,NA,5,NA,NA,NA,1,2,NA,1,NA,NA,NA,NA,NA,NA,NA,NA,NA,NA,NA,NA,NA,NA,NA,NA,NA,6,NA,NA,NA,NA,NA,NA,NA,NA,NA,7,NA,22
"75",19962218,6.4008,6.7056,27.1,27.1,7.54,7.44,17.2,17.1,1.9812,1996,22,"may","28/05/1996",18,"spring",NA,NA,NA,NA,4,NA,1,NA,1,NA,NA,NA,NA,8,NA,NA,NA,NA,NA,NA,1,NA,NA,NA,NA,NA,NA,NA,NA,NA,NA,NA,NA,NA,NA,3,3,NA,NA,NA,NA,NA,NA,9,NA,30
"76",19962818,3.9624,3.048,28.1,28,7.5,7.2,22.7,22.4,2.5908,1996,28,"july","10/07/1996",18,"summer",NA,NA,NA,NA,NA,NA,NA,NA,144,NA,1,NA,NA,NA,NA,NA,NA,NA,NA,NA,NA,NA,1,2,8,NA,NA,NA,NA,NA,NA,3,NA,NA,NA,NA,1,2,1,NA,NA,NA,NA,25,NA,188
"77",19962918,4.572,3.6576,27.9,28.1,7.99,7.77,23,22.5,2.286,1996,29,"july","16/07/1996",18,"summer",NA,NA,NA,NA,NA,NA,1,NA,103,NA,NA,NA,3,NA,1,3,NA,2,NA,NA,NA,1,NA,NA,62,NA,NA,NA,NA,NA,NA,262,4,2,NA,NA,3,5,NA,NA,NA,6,6,109,NA,573
"78",19963818,5.1816,4.572,29.4,29.6,7,6.94,19.73,19.59,2.7432,1996,38,"september","20/09/1996",18,"fall",NA,NA,NA,NA,NA,1,NA,NA,12,NA,NA,NA,NA,NA,NA,3,NA,1,NA,NA,NA,NA,NA,1,2,NA,NA,NA,1,NA,NA,NA,1,NA,NA,NA,NA,NA,3,NA,NA,1,NA,2,NA,28
"79",19964318,5.4864,7.62,29.1,29.3,7.9,8,14.3,14.2,3.9624,1996,43,"october","23/10/1996",18,"fall",NA,NA,NA,NA,30,NA,NA,NA,12,NA,NA,NA,NA,NA,NA,NA,NA,NA,NA,NA,1,NA,NA,NA,NA,NA,NA,NA,NA,NA,NA,6,NA,NA,NA,NA,NA,NA,NA,NA,NA,NA,NA,NA,NA,49
"80",19962119,4.8768,4.2672,27.1,27.2,7.77,8.04,16.1,15.7,2.4384,1996,21,"may","22/05/1996",19,"spring",NA,NA,NA,NA,NA,NA,NA,NA,11,NA,NA,NA,NA,964,NA,NA,NA,NA,NA,NA,NA,NA,NA,NA,NA,NA,NA,NA,NA,NA,NA,NA,NA,1,NA,NA,1,1,NA,NA,NA,NA,1,1,NA,980
"81",19963219,8.8392,0,27.7,28.1,7.34,7.32,24.2,22.9,2.7432,1996,32,"august","07/08/1996",19,"summer",NA,NA,NA,NA,5,NA,NA,NA,42,NA,NA,NA,NA,NA,NA,NA,NA,6,NA,NA,NA,NA,NA,3,4,2,NA,NA,NA,NA,NA,NA,3,1,NA,NA,NA,12,NA,NA,NA,57,2,14,NA,151
"82",19963419,9.144,9.144,28.3,28.3,6.9,7.1,23.9,23.6,2.7432,1996,34,"august","19/08/1996",19,"summer",NA,NA,NA,NA,11,NA,NA,NA,37,NA,NA,NA,NA,NA,NA,NA,NA,4,NA,NA,1,NA,NA,NA,2,NA,NA,NA,NA,NA,NA,NA,1,5,NA,NA,1,1,NA,NA,NA,149,NA,10,NA,222
"83",19964119,9.144,3.9624,29.5,29.9,7.59,7.44,16.2,15.9,2.4384,1996,41,"october","10/10/1996",19,"fall",NA,NA,NA,NA,1,NA,NA,NA,26,NA,NA,NA,NA,NA,NA,NA,NA,NA,NA,NA,NA,NA,NA,7,NA,NA,NA,NA,NA,NA,NA,NA,NA,4,NA,NA,NA,NA,NA,NA,NA,NA,1,NA,NA,39
"84",19962320,7.62,14.6304,27,27.3,7.9,8.1,17.1,17.1,2.4384,1996,23,"june","04/06/1996",20,"spring",NA,NA,NA,NA,NA,NA,NA,NA,106,NA,NA,NA,3,NA,NA,1,NA,NA,NA,NA,NA,NA,NA,NA,NA,NA,NA,NA,NA,NA,NA,NA,NA,26,NA,NA,3,1,NA,NA,NA,NA,5,3,NA,148
"85",19963220,9.7536,7.3152,27.9,28.2,7.4,7.5,24.3,23,2.5908,1996,32,"august","07/08/1996",20,"summer",NA,NA,NA,NA,1,NA,NA,5,36,NA,NA,6,NA,NA,NA,NA,NA,NA,NA,NA,NA,NA,3,NA,6,1,NA,NA,2,NA,4,NA,1,NA,NA,NA,NA,5,NA,NA,NA,273,4,6,NA,353
"86",19963820,10.0584,9.7536,29.3,29.7,7.04,6.82,19.95,19.43,3.048,1996,38,"september","20/09/1996",20,"fall",NA,NA,NA,NA,NA,NA,NA,NA,18,NA,NA,1,4,NA,NA,1,NA,NA,NA,NA,NA,NA,NA,NA,1,2,NA,NA,1,NA,NA,NA,NA,NA,NA,NA,NA,NA,NA,2,NA,18,3,11,NA,62
"87",19962021,3.6576,5.7912,27.3,27.3,8.2,8.8,13.5,13.4,2.4384,1996,20,"may","14/05/1996",21,"spring",NA,NA,NA,NA,NA,NA,NA,NA,2,NA,NA,NA,NA,NA,NA,3,NA,NA,NA,NA,NA,NA,NA,NA,NA,NA,NA,NA,NA,NA,NA,NA,NA,18,NA,NA,4,1,NA,NA,6,NA,NA,NA,NA,34
"88",19962521,4.2672,4.8768,27.2,27.5,6.6,6.9,22.7,21.8,3.048,1996,25,"june","17/06/1996",21,"spring",NA,NA,NA,NA,NA,NA,NA,NA,43,NA,NA,NA,NA,NA,NA,NA,NA,NA,NA,NA,NA,NA,1,NA,NA,NA,NA,NA,NA,NA,NA,NA,NA,15,NA,NA,NA,NA,NA,NA,NA,NA,NA,NA,NA,59
"89",19963021,6.4008,8.5344,27.9,27.9,7.73,7.27,23.1,22.7,2.4384,1996,30,"july","22/07/1996",21,"summer",NA,NA,NA,NA,32,NA,NA,1,147,NA,NA,3,5,NA,NA,3,NA,NA,NA,NA,NA,19,NA,2,84,NA,NA,NA,7,NA,2,4,4,1,NA,NA,69,7,NA,1,NA,692,19,82,NA,1184
"90",19963421,6.4008,5.4864,28.3,28.4,6.8,6.9,23.8,23.6,3.048,1996,34,"august","19/08/1996",21,"summer",NA,NA,NA,NA,1,NA,NA,NA,44,NA,NA,NA,NA,NA,NA,2,NA,NA,NA,NA,NA,NA,NA,NA,10,NA,NA,NA,1,NA,1,21,3,6,NA,NA,2,3,NA,1,NA,4,2,NA,NA,101
"91",19963621,5.7912,5.1816,28.4,28.5,6.67,6.89,24,24.1,2.286,1996,36,"september","04/09/1996",21,"fall",NA,NA,NA,NA,29,NA,NA,NA,49,NA,NA,4,5,NA,NA,2,NA,1,NA,NA,NA,NA,NA,NA,12,2,NA,NA,10,NA,NA,NA,1,2,NA,NA,3,30,NA,NA,NA,69,3,20,NA,242
"92",19963721,6.096,5.4864,28.4,28.7,6.04,5.97,23.8,23.4,3.048,1996,37,"september","09/09/1996",21,"fall",NA,NA,NA,NA,NA,NA,NA,NA,137,NA,NA,NA,1,NA,NA,NA,NA,NA,NA,NA,NA,NA,NA,NA,4,NA,NA,NA,17,NA,1,NA,NA,6,NA,NA,NA,NA,1,NA,NA,NA,NA,NA,NA,167
"93",19961922,5.7912,5.7912,27,27,8.7,8.5,12.7,12.5,2.5908,1996,19,"may","07/05/1996",22,"spring",NA,NA,NA,NA,NA,NA,NA,NA,NA,NA,NA,NA,NA,NA,NA,NA,NA,NA,NA,NA,NA,NA,NA,NA,NA,NA,NA,NA,NA,NA,NA,NA,NA,NA,NA,NA,1,NA,NA,NA,NA,NA,5,3,NA,9
"94",19962122,6.096,6.096,26.7,27.8,8.36,8.39,16.8,16.2,4.1148,1996,21,"may","22/05/1996",22,"spring",NA,NA,NA,NA,NA,NA,NA,NA,1,NA,NA,NA,NA,12,NA,1,NA,NA,NA,NA,1,NA,NA,NA,NA,NA,NA,NA,NA,NA,NA,NA,NA,1,NA,NA,NA,2,NA,NA,NA,NA,NA,4,NA,22
"95",19963922,6.4008,5.7912,29.8,29.9,7.3,7,19.2,18.8,3.5052,1996,39,"september","24/09/1996",22,"fall",NA,NA,NA,NA,NA,NA,NA,NA,1,NA,NA,2,1,NA,NA,NA,NA,2,NA,NA,12,NA,NA,6,NA,NA,NA,NA,NA,NA,NA,NA,NA,9,NA,NA,NA,6,2,NA,NA,3,3,4,NA,51
"96",19964322,6.4008,7.0104,29.2,29.3,8.2,7.9,14.3,14.2,3.6576,1996,43,"october","23/10/1996",22,"fall",NA,NA,NA,NA,14,NA,NA,NA,NA,NA,NA,NA,NA,NA,NA,NA,NA,NA,NA,NA,NA,NA,NA,NA,NA,NA,NA,NA,NA,NA,NA,2,NA,NA,NA,NA,NA,NA,NA,NA,NA,NA,NA,NA,NA,16
"97",19962023,5.1816,6.096,27.3,27.4,8.66,8.72,13.5,13.3,3.3528,1996,20,"may","14/05/1996",23,"spring",NA,NA,NA,NA,NA,NA,NA,NA,2,NA,NA,NA,NA,NA,NA,NA,NA,NA,NA,NA,NA,NA,NA,NA,NA,NA,NA,NA,NA,NA,NA,NA,NA,2,NA,NA,1,NA,1,NA,NA,NA,1,3,NA,10
"98",19962123,4.2672,6.7056,26.7,27.9,8.14,8.57,16.8,16.5,2.7432,1996,21,"may","22/05/1996",23,"spring",NA,NA,NA,NA,NA,NA,NA,NA,NA,NA,NA,NA,NA,1,NA,NA,NA,NA,NA,NA,NA,NA,NA,NA,NA,NA,NA,NA,NA,NA,NA,NA,NA,1,NA,NA,NA,1,NA,NA,NA,NA,NA,1,NA,4
"99",19962423,5.7912,7.3152,27.5,27.5,10.1,8.8,21.4,20.2,2.4384,1996,24,"june","13/06/1996",23,"spring",NA,NA,NA,NA,28,NA,NA,1,67,NA,NA,NA,NA,59,NA,6,NA,NA,NA,NA,1,NA,NA,1,NA,NA,NA,NA,NA,NA,NA,NA,NA,17,NA,NA,NA,NA,1,NA,NA,NA,10,110,NA,301
"100",19962523,5.7912,7.0104,27.7,27.7,7.45,7.04,22.4,21.4,3.6576,1996,25,"june","17/06/1996",23,"spring",NA,NA,NA,NA,8,NA,NA,NA,5,NA,NA,NA,NA,2,NA,NA,NA,NA,NA,NA,NA,NA,NA,8,NA,NA,NA,NA,NA,NA,NA,NA,NA,NA,NA,1,NA,NA,NA,NA,NA,NA,10,52,NA,86
"101",19963323,5.7912,7.0104,28.3,28.3,7.5,7.56,23.7,22.9,3.3528,1996,33,"august","15/08/1996",23,"summer",NA,NA,NA,NA,208,NA,NA,1,NA,NA,NA,NA,NA,NA,NA,NA,NA,NA,NA,NA,1,1,NA,1,NA,NA,NA,NA,NA,NA,NA,NA,NA,NA,NA,NA,9,NA,NA,NA,NA,3,NA,1,NA,225
"102",19964323,5.4864,6.7056,29.3,29.4,8.15,7.97,14.3,14.2,5.0292,1996,43,"october","23/10/1996",23,"fall",NA,NA,NA,NA,217,NA,NA,NA,6,NA,NA,NA,2,NA,NA,NA,NA,NA,NA,NA,NA,NA,NA,2,NA,NA,NA,NA,NA,NA,1,NA,NA,NA,NA,NA,NA,NA,NA,NA,NA,NA,NA,2,NA,230
"103",19962624,7.9248,7.3152,27.8,27.7,7.19,7.02,21.2,21,3.2004,1996,26,"june","25/06/1996",24,"spring",NA,NA,NA,NA,NA,NA,NA,NA,18,NA,NA,NA,NA,NA,NA,1,NA,NA,NA,NA,4,NA,NA,1,NA,NA,NA,NA,NA,NA,NA,NA,NA,2,NA,NA,2,NA,NA,NA,NA,NA,12,107,NA,147
"104",19962824,6.7056,7.9248,28.1,28.3,8.2,7.3,23.6,22.2,3.5052,1996,28,"july","10/07/1996",24,"summer",NA,NA,NA,NA,NA,NA,NA,NA,189,NA,NA,9,4,1,NA,1,NA,NA,NA,NA,8,NA,NA,NA,1,NA,NA,NA,NA,NA,NA,1,1,NA,NA,NA,1,3,NA,NA,NA,4,7,303,NA,533
"105",19963024,7.3152,0,28.3,28.4,7.87,6.43,23,22.4,3.3528,1996,30,"july","22/07/1996",24,"summer",NA,NA,NA,NA,111,NA,1,2,62,NA,NA,21,NA,NA,1,NA,NA,NA,NA,NA,10,NA,NA,NA,NA,NA,NA,NA,5,NA,NA,NA,NA,NA,NA,NA,72,2,NA,NA,NA,1883,2,26,NA,2198
"106",19963324,7.3152,8.2296,28.3,28.3,7.47,7.29,23.8,22.4,3.9624,1996,33,"august","15/08/1996",24,"summer",NA,NA,NA,NA,289,NA,2,NA,59,NA,NA,14,2,NA,2,NA,NA,NA,NA,NA,15,NA,NA,NA,11,NA,NA,NA,7,NA,NA,NA,NA,NA,NA,NA,18,9,NA,1,NA,1402,2,59,NA,1892
"107",19964024,7.3152,8.5344,29.8,29.9,7.8,7.6,18.8,18.5,2.7432,1996,40,"october","02/10/1996",24,"fall",NA,NA,NA,NA,1,NA,NA,NA,8,NA,NA,5,1,NA,NA,NA,NA,NA,NA,NA,13,NA,NA,1,5,NA,NA,NA,NA,NA,NA,NA,5,NA,NA,NA,NA,2,1,2,NA,8,5,21,NA,78
"108",19962025,1.524,1.8288,26.4,26.6,8.9,9.2,14,13.8,2.1336,1996,20,"may","15/05/1996",25,"spring",NA,NA,NA,NA,426,NA,NA,NA,2,NA,NA,NA,NA,NA,NA,NA,NA,NA,NA,NA,NA,NA,NA,NA,NA,NA,NA,NA,NA,NA,NA,NA,NA,1,NA,NA,NA,NA,NA,NA,NA,NA,1,NA,NA,430
"109",19962325,3.048,1.8288,26.5,26.5,7.7,7.8,18,18,2.286,1996,23,"june","03/06/1996",25,"spring",NA,NA,NA,NA,NA,NA,NA,NA,22,NA,NA,NA,NA,NA,NA,2,NA,NA,NA,NA,NA,NA,NA,NA,NA,NA,NA,NA,NA,NA,NA,NA,NA,1,NA,NA,NA,NA,NA,NA,NA,NA,NA,1,NA,26
"110",19962525,1.2192,1.9812,26.9,27,7.4,7.4,24,24,2.1336,1996,25,"june","18/06/1996",25,"spring",NA,NA,NA,NA,NA,NA,NA,NA,31,NA,NA,NA,NA,NA,NA,NA,NA,NA,NA,NA,NA,NA,NA,NA,NA,NA,NA,NA,NA,NA,NA,69,NA,3,NA,NA,NA,NA,NA,NA,NA,NA,1,9,NA,113
"111",19963225,0,0.9144,26.6,27.1,6.9,7.3,24.4,24.1,1.524,1996,32,"august","05/08/1996",25,"summer",NA,NA,NA,NA,1,NA,NA,NA,75,NA,NA,NA,NA,NA,NA,NA,NA,NA,NA,NA,NA,NA,NA,1,NA,NA,NA,NA,NA,NA,NA,402,NA,2,NA,NA,2,NA,1,NA,NA,NA,NA,3,NA,487
"112",19962326,4.8768,2.83464,26.6,26.5,7.8,7.7,18.1,18.1,1.524,1996,23,"june","03/06/1996",26,"spring",NA,NA,NA,NA,49,NA,NA,NA,170,NA,NA,NA,1,667,NA,NA,NA,NA,NA,NA,NA,NA,1,3,NA,NA,NA,NA,NA,NA,NA,NA,NA,2,NA,NA,NA,NA,NA,NA,NA,1,3,44,NA,941
"113",19962726,3.048,2.8956,27.1,27,6.58,6.66,21.7,21.6,1.9812,1996,27,"july","02/07/1996",26,"summer",NA,NA,NA,NA,1,NA,NA,NA,111,NA,NA,NA,NA,NA,NA,1,NA,NA,NA,NA,1,NA,NA,2,NA,NA,NA,NA,2,NA,NA,79,NA,4,NA,NA,NA,NA,NA,1,NA,NA,2,15,NA,219
"114",19962826,2.4384,2.95656,27.5,27.5,7.1,7.2,23.5,23.5,2.286,1996,28,"july","10/07/1996",26,"summer",NA,NA,NA,NA,3,NA,NA,NA,133,NA,NA,1,NA,NA,NA,NA,NA,NA,NA,NA,NA,3,NA,2,1,NA,NA,NA,6,NA,NA,235,NA,2,NA,NA,NA,1,NA,1,NA,9,1,44,NA,442
"115",19963726,1.64592,2.7432,28.4,28.3,5.98,6.31,25.2,25.1,1.8288,1996,37,"september","10/09/1996",26,"fall",NA,NA,NA,NA,251,2,2,NA,607,NA,NA,NA,2,NA,NA,NA,NA,4,NA,NA,8,NA,NA,1,NA,NA,NA,NA,NA,NA,1,13,NA,NA,NA,NA,NA,16,NA,NA,NA,46,1,8,NA,962
"116",19962327,3.3528,3.6576,26.7,26.7,7.76,7.85,17.9,17.9,1.6764,1996,23,"june","03/06/1996",27,"spring",NA,NA,NA,NA,NA,NA,NA,NA,28,NA,NA,NA,NA,NA,NA,1,NA,NA,NA,NA,NA,NA,NA,NA,NA,NA,NA,NA,NA,NA,NA,NA,NA,NA,NA,NA,NA,NA,NA,NA,NA,NA,NA,NA,NA,29
"117",19962727,3.6576,4.572,27.3,27.6,6.9,6.6,21.8,21.4,1.9812,1996,27,"july","02/07/1996",27,"summer",NA,NA,NA,NA,1,NA,NA,NA,20,NA,NA,5,NA,NA,NA,NA,NA,NA,NA,NA,NA,NA,NA,1,NA,NA,NA,NA,1,NA,NA,63,NA,NA,NA,NA,NA,NA,NA,NA,NA,NA,2,1,NA,94
"118",19963027,3.3528,3.048,27.7,27.7,6.76,6.77,22.6,22.7,0,1996,30,"july","23/07/1996",27,"summer",NA,NA,NA,NA,1,NA,NA,NA,212,NA,NA,NA,NA,NA,NA,1,NA,NA,NA,NA,3,NA,NA,NA,3,NA,NA,NA,NA,NA,NA,168,NA,3,NA,NA,2,4,NA,NA,NA,125,NA,28,NA,550
"119",19963427,3.048,3.9624,27.6,27.6,6.6,6.79,23.8,23.8,1.8288,1996,34,"august","20/08/1996",27,"summer",NA,NA,NA,NA,41,NA,1,NA,28,NA,NA,NA,1,NA,NA,3,NA,NA,NA,NA,36,NA,NA,1,3,NA,NA,NA,1,NA,NA,5,NA,NA,NA,NA,1,NA,NA,NA,NA,163,NA,35,NA,319
"120",19964227,3.6576,3.6576,29.6,29.6,8.3,8.2,14,14.1,1.8288,1996,42,"october","15/10/1996",27,"fall",NA,NA,NA,NA,37,3,NA,NA,432,NA,NA,NA,NA,NA,NA,NA,NA,NA,NA,NA,2,NA,NA,NA,NA,NA,NA,NA,NA,NA,NA,1,NA,1,1,NA,NA,NA,NA,NA,NA,3,2,4,NA,486
"121",19962228,6.7056,8.5344,27,27.1,8,7.8,17.4,17.4,2.286,1996,22,"may","28/05/1996",28,"spring",NA,NA,NA,NA,3,NA,NA,NA,1,NA,NA,NA,NA,1,NA,1,NA,NA,NA,NA,5,NA,NA,NA,NA,NA,NA,NA,NA,NA,NA,NA,NA,NA,NA,NA,NA,2,NA,NA,NA,NA,2,1,NA,16
"122",19962428,5.4864,7.0104,27.1,27.1,8.2,8.1,21.5,21,2.286,1996,24,"june","13/06/1996",28,"spring",NA,NA,NA,NA,59,NA,NA,NA,78,NA,NA,NA,3,3,NA,6,NA,NA,NA,NA,6,NA,1,NA,NA,NA,NA,NA,NA,NA,NA,NA,NA,3,NA,NA,1,NA,NA,NA,NA,1,4,25,NA,190
"123",19962528,5.4864,6.096,27.2,27.5,6.71,5.94,23.2,22.2,1.9812,1996,25,"june","18/06/1996",28,"spring",NA,NA,NA,NA,57,NA,NA,NA,71,NA,NA,NA,NA,3,NA,6,NA,NA,NA,NA,1,NA,1,NA,NA,NA,NA,NA,1,NA,NA,3,NA,1,NA,NA,NA,NA,NA,NA,NA,NA,23,24,NA,191
"124",19963028,4.2672,5.7912,27.8,28,6.69,6.08,22.7,22.8,2.1336,1996,30,"july","23/07/1996",28,"summer",NA,NA,NA,NA,187,NA,2,NA,33,NA,NA,NA,1,NA,3,6,NA,NA,NA,NA,21,NA,NA,NA,2,NA,NA,NA,NA,NA,NA,41,NA,NA,NA,NA,14,5,NA,NA,NA,861,1,11,NA,1188
"125",19963528,4.8768,6.096,28.1,28.2,6.56,6.52,25.7,24.4,1.2192,1996,35,"august","26/08/1996",28,"summer",NA,NA,NA,NA,432,NA,1,NA,91,NA,NA,NA,1,NA,5,NA,NA,NA,NA,NA,37,NA,NA,NA,2,NA,NA,NA,5,NA,NA,NA,NA,1,NA,NA,NA,2,NA,NA,NA,106,2,6,NA,691
"126",19964228,5.1816,4.2672,29.6,29.6,8.4,8.3,14.1,14.1,2.1336,1996,42,"october","15/10/1996",28,"fall",NA,NA,NA,NA,13,NA,NA,NA,429,NA,NA,NA,NA,NA,NA,NA,NA,NA,NA,NA,19,NA,NA,NA,NA,NA,NA,NA,NA,NA,NA,NA,NA,NA,NA,NA,NA,NA,NA,NA,NA,1,1,3,NA,466
"127",19962329,7.3152,6.4008,27.1,27.6,8.1,7.7,17.5,17.3,1.9812,1996,23,"june","04/06/1996",29,"spring",NA,NA,NA,NA,257,NA,NA,NA,14,NA,NA,NA,1,309,NA,4,NA,NA,NA,NA,NA,NA,NA,NA,NA,NA,NA,NA,NA,NA,NA,NA,NA,NA,NA,NA,NA,1,NA,NA,NA,NA,6,29,NA,621
"128",19962429,9.4488,6.7056,27.3,27.3,8.94,7.43,21,19.9,2.4384,1996,24,"june","13/06/1996",29,"spring",NA,NA,NA,NA,114,NA,NA,NA,65,NA,NA,NA,2,4941,NA,3,NA,NA,NA,NA,4,NA,3,NA,NA,NA,NA,NA,NA,NA,NA,NA,NA,2,NA,NA,NA,1,NA,NA,NA,NA,10,130,NA,5275
"129",19962529,7.0104,6.4008,27.3,27.6,6.89,6.39,22.4,21.8,3.048,1996,25,"june","17/06/1996",29,"spring",NA,NA,NA,NA,162,NA,NA,1,14,NA,NA,NA,NA,5,NA,7,NA,NA,NA,NA,3,NA,2,NA,NA,NA,NA,NA,NA,NA,4,NA,NA,4,NA,NA,NA,NA,NA,NA,NA,NA,17,83,NA,302
"130",19963729,7.62,7.0104,28.8,29,6.5,6.4,24.3,23.4,1.524,1996,37,"september","09/09/1996",29,"fall",NA,NA,NA,NA,59,NA,NA,NA,2,NA,NA,1,3,NA,1,1,NA,NA,NA,NA,16,NA,NA,NA,2,NA,NA,NA,1,NA,NA,NA,NA,NA,2,NA,NA,3,NA,NA,NA,113,3,NA,NA,207
"131",19963929,7.62,7.62,29.7,29.6,7.1,7.18,19.1,18.9,2.7432,1996,39,"september","24/09/1996",29,"fall",NA,NA,NA,NA,2,NA,NA,NA,NA,NA,NA,2,2,NA,NA,2,NA,NA,NA,NA,3,NA,NA,4,NA,NA,NA,NA,2,NA,NA,NA,NA,2,NA,NA,1,NA,3,NA,NA,28,3,5,NA,59
"132",19964329,7.62,7.0104,29.2,29.3,8.14,7.92,14.2,14.1,3.5052,1996,43,"october","23/10/1996",29,"fall",NA,NA,NA,NA,1171,NA,NA,NA,1,NA,NA,NA,NA,NA,NA,1,NA,NA,NA,NA,NA,NA,NA,NA,NA,NA,NA,NA,NA,NA,NA,17,NA,NA,NA,NA,1,1,NA,NA,NA,1,4,8,NA,1205
"133",19962830,9.144,7.9248,27.8,28.1,7.31,7.08,23,22.4,2.5908,1996,28,"july","10/07/1996",30,"summer",NA,NA,NA,NA,11,NA,NA,NA,10,NA,NA,NA,1,NA,NA,NA,NA,NA,NA,NA,NA,NA,NA,2,NA,NA,NA,NA,5,NA,NA,1,1,9,NA,NA,4,1,NA,NA,NA,29,2,89,NA,165
"134",19962930,10.668,10.0584,28,28.1,7.07,7.02,22.9,22.4,2.4384,1996,29,"july","16/07/1996",30,"summer",NA,NA,NA,NA,75,NA,NA,NA,8,NA,NA,NA,2,NA,NA,NA,NA,NA,NA,NA,NA,NA,NA,1,9,NA,NA,NA,NA,NA,1,3,NA,3,NA,NA,10,NA,1,1,NA,36,18,59,NA,227
"135",19963930,10.668,10.0584,29.6,29.9,7.43,6.94,19.1,18.9,2.7432,1996,39,"september","24/09/1996",30,"fall",NA,NA,NA,NA,NA,NA,NA,NA,3,NA,NA,NA,1,NA,NA,NA,NA,2,NA,NA,NA,NA,NA,NA,3,1,NA,NA,NA,NA,NA,NA,1,1,NA,NA,2,3,NA,NA,NA,6,5,11,NA,39
"136",19964030,10.668,10.0584,29.4,29.7,7.44,7.4,18.6,18.6,2.4384,1996,40,"october","02/10/1996",30,"fall",NA,NA,NA,NA,4,NA,NA,NA,4,NA,NA,NA,NA,NA,NA,NA,NA,NA,NA,NA,NA,NA,NA,1,1,1,NA,NA,1,NA,NA,NA,2,NA,NA,NA,NA,11,2,1,NA,2,7,9,NA,46
"137",19964230,10.3632,10.0584,29.7,29.8,8.57,7.99,14.3,14.2,3.3528,1996,42,"october","16/10/1996",30,"fall",NA,NA,NA,NA,42,NA,NA,NA,5,NA,NA,NA,NA,NA,NA,NA,NA,NA,NA,NA,NA,NA,NA,2,NA,1,NA,NA,NA,NA,NA,NA,1,NA,NA,NA,NA,NA,NA,1,NA,NA,1,1,NA,54
"138",19964330,10.668,10.9728,29.2,29.3,7.9,8,14.2,14.3,3.9624,1996,43,"october","23/10/1996",30,"fall",NA,NA,NA,NA,2,NA,NA,NA,32,NA,NA,NA,NA,NA,NA,2,NA,NA,NA,NA,NA,NA,NA,1,NA,NA,NA,NA,1,NA,NA,NA,NA,2,NA,NA,1,1,1,NA,NA,NA,2,2,NA,47
"139",19961931,7.9248,9.144,27.2,27.4,8.51,8.31,13.7,12.8,2.1336,1996,19,"may","07/05/1996",31,"spring",NA,NA,NA,NA,286,NA,NA,NA,5,NA,NA,NA,1,NA,NA,1,NA,NA,NA,NA,NA,NA,NA,NA,NA,NA,NA,NA,NA,NA,NA,1,NA,7,NA,NA,NA,NA,NA,NA,8,NA,8,15,NA,332
"140",19962131,8.2296,8.5344,27,27,8.4,8,17.3,16.3,3.81,1996,21,"may","22/05/1996",31,"spring",NA,NA,NA,NA,NA,NA,NA,NA,56,NA,NA,NA,1,81,NA,NA,NA,NA,NA,NA,NA,NA,NA,NA,NA,1,NA,NA,NA,NA,NA,NA,NA,1,NA,1,1,NA,NA,NA,1,NA,4,16,NA,163
"141",19962331,8.8392,9.144,26.9,27.5,8.04,8.08,17.4,17.3,2.1336,1996,23,"june","04/06/1996",31,"spring",NA,NA,NA,NA,1,NA,NA,NA,333,NA,NA,NA,1,1,NA,NA,NA,NA,NA,NA,NA,NA,NA,NA,NA,NA,NA,NA,NA,NA,NA,NA,NA,4,NA,1,NA,1,NA,NA,NA,NA,3,20,NA,365
"142",19962731,8.5344,9.4488,27.9,27.8,7.08,6.94,20.7,20.8,2.4384,1996,27,"july","01/07/1996",31,"summer",NA,NA,NA,NA,1,NA,NA,NA,138,NA,NA,NA,NA,3,NA,2,NA,NA,NA,NA,NA,NA,NA,1,NA,NA,NA,NA,12,NA,NA,NA,NA,8,NA,1,4,NA,NA,NA,NA,NA,1,77,NA,248
"143",19963131,8.5344,10.0584,28.4,28.5,6.93,6.98,22.9,22.8,2.286,1996,31,"july","30/07/1996",31,"summer",NA,NA,NA,NA,NA,NA,NA,NA,78,NA,NA,NA,2,NA,NA,NA,NA,1,NA,NA,NA,NA,NA,2,6,NA,NA,NA,1,NA,NA,NA,1,11,NA,NA,2,2,NA,NA,NA,129,7,5,NA,247
"144",19963231,8.2296,7.0104,27.7,28.1,7.2,7.5,23.8,23,1.9812,1996,32,"august","07/08/1996",31,"summer",NA,NA,NA,NA,NA,NA,NA,NA,30,NA,NA,3,NA,NA,NA,1,NA,NA,NA,NA,NA,NA,NA,1,4,NA,NA,NA,6,NA,NA,NA,1,1,NA,NA,12,2,NA,1,NA,NA,2,6,NA,70
"145",19963331,8.5344,7.3152,28.3,28.3,7.27,7.42,23,22.9,2.5908,1996,33,"august","15/08/1996",31,"summer",NA,NA,NA,NA,16,NA,NA,NA,70,NA,NA,NA,NA,NA,NA,7,NA,2,NA,NA,NA,NA,NA,NA,8,NA,NA,NA,NA,NA,NA,23,NA,1,NA,NA,2,5,NA,NA,NA,5,NA,5,NA,144
"146",19963631,7.9248,10.668,28.5,29,6.98,6.82,24.1,23.3,2.286,1996,36,"september","04/09/1996",31,"fall",NA,NA,NA,NA,2,NA,NA,NA,28,NA,NA,NA,1,NA,NA,1,NA,2,NA,NA,NA,NA,NA,NA,11,NA,NA,NA,1,NA,NA,NA,NA,1,NA,NA,1,4,1,NA,NA,2,1,10,NA,66
"147",19964431,9.4488,9.7536,29.5,29.4,8.82,8.74,13.5,13.5,5.7912,1996,44,"october","30/10/1996",31,"fall",NA,NA,NA,NA,4,NA,NA,NA,100,NA,NA,NA,NA,NA,NA,NA,NA,NA,NA,NA,NA,NA,NA,1,NA,NA,NA,NA,NA,1,NA,2,2,NA,NA,NA,NA,NA,1,NA,NA,NA,3,5,NA,119
"148",19962032,6.7056,7.3152,27.3,27.3,8.67,8.7,13.5,13.2,2.7432,1996,20,"may","14/05/1996",32,"spring",NA,NA,NA,NA,NA,NA,NA,NA,28,NA,NA,NA,1,NA,NA,5,NA,NA,1,NA,NA,NA,NA,NA,NA,NA,NA,NA,NA,NA,NA,NA,NA,47,NA,NA,3,1,NA,NA,2,NA,1,17,NA,106
"149",19962232,5.1816,5.7912,27.9,27.1,7.78,7.7,17.6,17.3,3.048,1996,22,"may","28/05/1996",32,"spring",NA,NA,NA,NA,17,NA,NA,NA,112,NA,NA,2,1,209,NA,NA,NA,1,NA,NA,NA,NA,NA,NA,NA,2,NA,NA,NA,NA,NA,NA,NA,2,NA,NA,NA,2,NA,NA,NA,NA,2,30,1,381
"150",19962432,1.8288,3.048,27.1,27.1,8.8,9.3,22.4,22.1,2.1336,1996,24,"june","13/06/1996",32,"spring",NA,NA,NA,NA,NA,NA,NA,NA,131,NA,NA,NA,1,NA,NA,NA,NA,NA,NA,NA,NA,NA,NA,NA,3,NA,NA,NA,NA,NA,NA,NA,3,NA,NA,NA,NA,NA,NA,NA,NA,NA,2,4,1,145
"151",19962532,4.2672,6.4008,27.2,27.4,6.7,6.3,22.8,22.1,4.1148,1996,25,"june","17/06/1996",32,"spring",NA,NA,NA,NA,NA,NA,NA,NA,247,NA,1,NA,2,NA,NA,NA,NA,NA,NA,NA,NA,NA,NA,2,NA,NA,NA,NA,4,NA,NA,NA,1,3,NA,NA,NA,1,NA,NA,NA,NA,NA,18,NA,279
"152",19962632,4.572,3.9624,27.5,27.5,7.44,7.53,22.5,22.4,2.5908,1996,26,"june","25/06/1996",32,"spring",NA,NA,NA,NA,NA,NA,NA,NA,536,NA,NA,NA,1,NA,NA,2,NA,NA,NA,NA,NA,NA,NA,NA,NA,NA,NA,NA,NA,NA,NA,NA,2,1,NA,NA,3,NA,NA,1,NA,NA,1,2,NA,549
"153",19963432,4.572,9.144,28,28.1,6.7,6.7,24.2,23.6,1.9812,1996,34,"august","19/08/1996",32,"summer",NA,NA,NA,NA,44,NA,2,14,16,NA,NA,5,4,NA,NA,NA,NA,NA,NA,NA,4,NA,NA,NA,23,NA,NA,NA,7,NA,NA,NA,8,5,NA,NA,NA,8,NA,NA,NA,910,28,26,NA,1104
"154",19964032,5.4864,9.7536,29.3,29.6,7.5,7.51,18.5,18.5,2.7432,1996,40,"october","02/10/1996",32,"fall",NA,NA,NA,NA,16,NA,NA,5,NA,NA,NA,3,3,NA,NA,NA,NA,NA,NA,NA,1,NA,NA,NA,1,NA,NA,NA,NA,NA,NA,NA,3,1,NA,NA,NA,4,1,NA,NA,5,31,23,NA,97
"155",19964332,4.8768,9.4488,29.2,29.2,8.1,8.1,14.2,14.2,3.3528,1996,43,"october","23/10/1996",32,"fall",NA,NA,NA,NA,NA,2,NA,NA,57,NA,NA,NA,2,NA,NA,2,NA,NA,NA,NA,NA,NA,NA,1,NA,NA,NA,NA,3,2,NA,NA,2,1,NA,NA,NA,NA,6,NA,NA,NA,2,4,NA,84
"156",19962433,1.8288,1.3716,26.3,26.3,7.9,8.1,22.2,22.2,2.1336,1996,24,"june","10/06/1996",33,"spring",NA,NA,NA,NA,NA,NA,1,NA,2,NA,NA,NA,NA,NA,NA,NA,NA,NA,NA,NA,NA,NA,NA,NA,NA,NA,3,NA,NA,NA,NA,NA,NA,NA,NA,NA,1,NA,NA,1,NA,NA,2,4,NA,14
"157",19963833,1.92024,3.9624,29.1,29.1,7,6.9,19.2,19.2,1.8288,1996,38,"september","19/09/1996",33,"fall",NA,NA,NA,NA,1,NA,2,NA,691,NA,NA,NA,NA,NA,NA,2,NA,NA,NA,NA,NA,NA,NA,NA,1,NA,NA,NA,NA,NA,NA,5,NA,1,NA,NA,NA,NA,2,NA,NA,NA,NA,1,NA,706
"158",19964433,2.7432,5.1816,28.5,28.6,8.5,8.7,14.5,14.4,3.6576,1996,44,"october","28/10/1996",33,"fall",NA,NA,NA,NA,259,NA,NA,NA,56,NA,NA,NA,NA,NA,NA,NA,NA,NA,NA,NA,NA,NA,NA,NA,NA,NA,NA,NA,NA,NA,NA,2,NA,1,NA,NA,NA,NA,1,NA,NA,NA,NA,5,NA,324
"159",19961934,2.62128,0,26.7,26.9,8.85,8.93,13.7,13.7,2.286,1996,19,"may","09/05/1996",34,"spring",NA,NA,NA,NA,310,NA,NA,NA,NA,NA,NA,NA,NA,NA,NA,3,NA,NA,NA,NA,NA,NA,NA,NA,NA,NA,NA,NA,NA,NA,NA,NA,NA,6,NA,NA,NA,NA,NA,NA,NA,NA,NA,NA,NA,319
"160",19962434,2.1336,1.2192,26.6,26.5,7.8,7.97,22.2,22.2,2.286,1996,24,"june","10/06/1996",34,"spring",NA,NA,NA,NA,NA,NA,NA,NA,42,NA,NA,NA,NA,NA,NA,NA,NA,NA,NA,NA,NA,NA,NA,NA,NA,NA,6,NA,NA,NA,NA,NA,NA,NA,NA,NA,NA,NA,NA,1,NA,NA,NA,2,NA,51
"161",19962734,2.7432,2.31648,26.4,27.5,7.5,6.8,22.7,21.9,2.1336,1996,27,"july","02/07/1996",34,"summer",NA,NA,NA,NA,NA,NA,NA,NA,65,NA,NA,NA,NA,NA,NA,NA,NA,NA,NA,NA,NA,NA,NA,NA,NA,NA,NA,NA,NA,NA,NA,174,NA,NA,NA,NA,NA,NA,NA,1,NA,NA,NA,13,NA,253
"162",19963834,2.7432,2.4384,29,29,7.1,7.1,19.1,19.1,1.524,1996,38,"september","19/09/1996",34,"fall",NA,NA,NA,NA,NA,NA,2,NA,349,NA,NA,NA,NA,NA,NA,NA,NA,4,NA,NA,NA,NA,NA,NA,NA,NA,NA,NA,NA,NA,NA,NA,NA,NA,NA,NA,NA,2,NA,NA,NA,NA,NA,1,NA,358
"163",19964234,2.7432,1.8288,29.1,29.2,8.3,8.2,13.7,13.8,3.048,1996,42,"october","15/10/1996",34,"fall",NA,NA,NA,NA,3,NA,NA,NA,19,NA,NA,NA,NA,NA,NA,NA,NA,NA,NA,NA,NA,NA,NA,NA,NA,NA,NA,NA,NA,NA,2,3,NA,NA,NA,NA,NA,NA,NA,NA,NA,NA,NA,1,NA,28
"164",19964334,2.8956,1.8288,28.6,28.6,8.6,8.61,14.25,14.16,2.7432,1996,43,"october","22/10/1996",34,"fall",NA,NA,NA,NA,8,NA,NA,NA,9,NA,NA,NA,NA,NA,NA,NA,NA,NA,NA,NA,NA,NA,NA,1,NA,NA,NA,NA,NA,NA,NA,3,NA,NA,NA,NA,NA,NA,NA,NA,NA,NA,NA,NA,NA,21
"165",19962035,2.95656,3.9624,27,26.7,8.21,8.81,14.6,13.8,2.5908,1996,20,"may","15/05/1996",35,"spring",NA,NA,NA,NA,NA,NA,NA,NA,1,NA,NA,NA,NA,4,NA,NA,NA,NA,NA,NA,NA,NA,NA,NA,NA,NA,NA,NA,NA,NA,NA,NA,1,1,NA,NA,NA,NA,NA,NA,NA,NA,3,NA,NA,10
"166",19962235,2.95656,3.6576,27,26.9,7.19,7.59,17.7,17.7,2.1336,1996,22,"may","29/05/1996",35,"spring",NA,NA,NA,NA,NA,NA,NA,NA,64,NA,NA,NA,NA,227,NA,2,NA,NA,NA,NA,NA,NA,1,2,NA,NA,NA,NA,NA,NA,NA,NA,NA,NA,NA,NA,NA,NA,NA,NA,NA,NA,NA,NA,NA,296
"167",19962435,2.34696,3.048,26.5,26.6,7.94,8.31,21.7,21.7,3.048,1996,24,"june","10/06/1996",35,"spring",NA,NA,NA,NA,NA,NA,NA,NA,28,NA,NA,NA,NA,NA,NA,NA,NA,NA,NA,NA,NA,NA,NA,2,NA,NA,NA,NA,NA,NA,NA,NA,NA,1,NA,NA,NA,NA,NA,NA,NA,NA,1,8,NA,40
"168",19963035,2.4384,1.524,27.8,27.7,6.8,6.9,22.7,22.7,1.8288,1996,30,"july","23/07/1996",35,"summer",NA,NA,NA,NA,NA,NA,NA,NA,30,NA,NA,NA,2,NA,NA,NA,NA,NA,NA,NA,NA,1,NA,1,1,NA,NA,NA,NA,NA,NA,298,NA,5,NA,NA,1,NA,1,NA,NA,NA,NA,2,NA,342
"169",19963335,2.95656,3.048,27.5,27.7,7.29,7.45,22.9,22.7,1.6764,1996,33,"august","14/08/1996",35,"summer",NA,NA,NA,NA,5,NA,NA,NA,176,NA,NA,NA,1,NA,NA,NA,NA,1,NA,NA,NA,NA,NA,1,NA,NA,NA,NA,NA,NA,NA,183,NA,NA,NA,NA,1,NA,NA,NA,NA,4,NA,1,NA,373
"170",19963535,3.048,1.8288,27.8,27.8,6.5,6.9,25.5,25.3,1.8288,1996,35,"august","27/08/1996",35,"summer",NA,NA,NA,NA,NA,NA,NA,NA,97,NA,NA,NA,1,NA,NA,NA,NA,NA,NA,NA,NA,NA,NA,NA,NA,NA,NA,NA,NA,NA,NA,189,NA,5,NA,NA,1,NA,3,NA,NA,NA,NA,1,NA,297
"171",19963635,2.80416,3.048,28.2,28.3,6.15,6.48,24.3,23.3,1.6764,1996,36,"september","03/09/1996",35,"fall",NA,NA,NA,NA,NA,NA,2,NA,725,NA,NA,NA,1,NA,NA,NA,NA,14,NA,NA,NA,NA,NA,NA,1,NA,NA,NA,NA,NA,NA,1,1,NA,NA,NA,NA,1,3,NA,NA,NA,1,4,NA,754
"172",19963735,2.7432,0,28.3,28.3,6.2,6.1,24.6,24.2,2.1336,1996,37,"september","10/09/1996",35,"fall",NA,NA,NA,NA,14,NA,1,NA,448,NA,NA,1,NA,NA,NA,NA,NA,3,NA,NA,NA,NA,NA,2,NA,NA,NA,NA,NA,NA,NA,4,NA,NA,NA,NA,NA,1,1,NA,NA,NA,NA,NA,NA,475
"173",19964335,3.048,2.7432,28.7,28.7,8.7,8.61,14.2,14.1,3.6576,1996,43,"october","22/10/1996",35,"fall",NA,NA,NA,NA,13,NA,NA,NA,37,NA,NA,NA,NA,NA,NA,NA,NA,NA,NA,NA,NA,NA,NA,NA,NA,NA,1,NA,NA,NA,NA,9,NA,NA,NA,NA,NA,NA,NA,NA,NA,NA,NA,NA,NA,60
"174",19964435,3.048,3.3528,28.7,28.6,8.4,8.4,14.5,14.5,3.6576,1996,44,"october","28/10/1996",35,"fall",NA,NA,NA,NA,1,NA,NA,NA,8,NA,NA,NA,NA,NA,NA,NA,NA,NA,NA,NA,NA,NA,NA,NA,NA,NA,1,NA,NA,NA,NA,2,NA,NA,NA,NA,NA,NA,NA,NA,NA,NA,NA,1,NA,13
"175",19961936,2.07264,6.096,26.9,26.9,7.94,8.36,13.5,13.5,1.8288,1996,19,"may","09/05/1996",36,"spring",NA,NA,NA,NA,1,NA,NA,NA,4,NA,NA,NA,NA,328,NA,NA,NA,NA,NA,NA,NA,NA,NA,NA,NA,NA,NA,NA,NA,NA,NA,NA,NA,1,NA,NA,NA,NA,1,NA,NA,NA,1,5,NA,341
"176",19962136,2.7432,3.9624,26.8,26.7,8.5,8.6,16.9,16.9,2.1336,1996,21,"may","21/05/1996",36,"spring",NA,NA,NA,NA,107,NA,NA,NA,22,NA,NA,NA,NA,NA,NA,NA,NA,NA,NA,NA,NA,NA,NA,1,NA,NA,NA,NA,NA,NA,NA,NA,NA,15,NA,NA,NA,NA,NA,NA,NA,NA,NA,6,NA,151
"177",19962436,3.048,3.3528,26.7,26.7,8.1,8.1,21.5,21.5,1.6764,1996,24,"june","10/06/1996",36,"spring",NA,NA,NA,NA,NA,NA,NA,NA,172,NA,NA,NA,1,NA,NA,NA,NA,NA,NA,NA,NA,NA,NA,1,NA,NA,NA,NA,NA,NA,NA,NA,NA,6,NA,NA,NA,NA,NA,NA,NA,NA,1,14,NA,195
"178",19963936,3.048,4.2672,28.2,28.4,0,0,18.8,18.7,2.4384,1996,39,"september","25/09/1996",36,"fall",NA,NA,NA,NA,1,NA,NA,NA,715,NA,NA,NA,NA,NA,NA,3,NA,1,NA,NA,NA,NA,NA,NA,NA,NA,NA,NA,NA,NA,NA,13,NA,NA,NA,NA,NA,NA,NA,NA,NA,1,NA,1,NA,735
"179",19962337,3.048,5.1816,27,27,7.9,8.1,17.5,17.5,1.6764,1996,23,"june","03/06/1996",37,"spring",NA,NA,NA,NA,61,NA,NA,NA,1825,NA,NA,NA,1,17,NA,NA,NA,NA,NA,NA,NA,NA,NA,NA,NA,NA,NA,NA,NA,NA,NA,NA,NA,1,NA,NA,NA,NA,NA,NA,NA,NA,3,7,NA,1915
"180",19962637,1.8288,3.6576,27.3,27.1,7.21,7.15,21.8,21.8,1.6764,1996,26,"june","24/06/1996",37,"spring",NA,NA,NA,NA,NA,NA,NA,NA,562,NA,NA,NA,1,NA,NA,3,NA,NA,NA,NA,NA,NA,1,NA,NA,NA,NA,NA,NA,1,NA,NA,NA,1,NA,NA,NA,NA,NA,NA,NA,NA,14,121,NA,704
"181",19962737,2.7432,4.2672,27.4,27.5,7.1,7,21.5,21.4,1.524,1996,27,"july","02/07/1996",37,"summer",NA,NA,NA,NA,NA,NA,NA,NA,405,NA,NA,2,NA,NA,NA,1,NA,NA,NA,NA,NA,NA,NA,NA,NA,NA,NA,NA,8,NA,NA,16,NA,5,NA,NA,NA,NA,1,1,NA,NA,28,23,NA,490
"182",19963737,2.80416,0,28.5,28.5,5.94,6.11,24.7,24.6,2.1336,1996,37,"september","10/09/1996",37,"fall",NA,NA,NA,NA,106,NA,NA,NA,2126,NA,NA,2,1,NA,NA,4,NA,NA,NA,NA,4,NA,NA,NA,NA,NA,NA,NA,2,NA,NA,21,NA,1,1,NA,NA,14,NA,2,NA,69,4,11,NA,2368
"183",19964337,2.04216,5.4864,29,29.1,8.3,8.24,14.2,14.1,2.7432,1996,43,"october","22/10/1996",37,"fall",NA,NA,NA,NA,37,NA,NA,NA,267,NA,NA,NA,NA,NA,NA,NA,NA,NA,NA,NA,NA,NA,NA,1,NA,NA,NA,NA,NA,NA,1,1,NA,1,NA,NA,NA,NA,NA,NA,NA,NA,NA,1,NA,309
"184",19962038,9.144,8.5344,27.1,27.2,8.54,8.55,13.4,13.4,2.4384,1996,20,"may","14/05/1996",38,"spring",NA,NA,NA,NA,NA,NA,NA,1,28,NA,NA,NA,1,NA,NA,10,NA,NA,NA,NA,NA,NA,NA,NA,NA,NA,NA,NA,NA,NA,NA,NA,NA,3,NA,1,3,NA,NA,NA,NA,NA,2,7,NA,56
"185",19962938,8.5344,7.0104,27.4,27.9,0,0,23.5,23,2.286,1996,29,"july","17/07/1996",38,"summer",NA,NA,NA,NA,1,NA,NA,NA,23,NA,NA,12,1,NA,1,4,NA,NA,NA,NA,NA,NA,NA,NA,5,NA,NA,NA,19,NA,NA,56,2,3,NA,NA,8,6,NA,NA,NA,354,29,35,NA,559
"186",19963338,9.144,6.7056,27.8,28,7.47,7.69,23.1,22.7,2.286,1996,33,"august","14/08/1996",38,"summer",NA,NA,NA,NA,3,NA,NA,3,9,NA,NA,NA,1,NA,NA,4,NA,1,NA,NA,5,NA,NA,1,11,NA,NA,NA,4,NA,NA,4,NA,NA,NA,NA,4,3,NA,NA,NA,329,7,31,NA,420
"187",19963638,8.5344,6.4008,28.5,28.6,6.55,6.83,23.7,23.3,1.8288,1996,36,"september","04/09/1996",38,"fall",NA,NA,NA,NA,121,NA,NA,NA,76,NA,NA,NA,2,NA,NA,NA,NA,NA,NA,NA,30,NA,NA,NA,7,NA,NA,NA,NA,NA,NA,NA,NA,NA,1,NA,NA,1,NA,NA,NA,148,2,NA,NA,388
"188",19963838,8.5344,4.572,29.3,29.4,7.06,6.87,19.29,19.27,2.5908,1996,38,"september","20/09/1996",38,"fall",NA,NA,NA,NA,49,NA,NA,1,19,NA,NA,NA,2,NA,NA,2,NA,6,NA,NA,10,NA,NA,NA,NA,NA,NA,NA,2,NA,NA,NA,NA,5,3,NA,NA,10,1,1,NA,36,5,2,NA,154
"189",19963938,9.144,8.5344,29.4,29.6,7.4,7.1,18.8,18.9,2.7432,1996,39,"september","24/09/1996",38,"fall",NA,NA,NA,NA,223,NA,NA,3,17,NA,NA,NA,NA,NA,NA,1,NA,NA,NA,NA,9,NA,1,NA,NA,NA,NA,NA,6,NA,NA,NA,NA,NA,13,NA,NA,2,3,NA,NA,84,5,9,NA,376
"190",19964238,8.5344,7.3152,29.6,29.8,8.4,8.3,14.1,14.2,2.5908,1996,42,"october","15/10/1996",38,"fall",NA,NA,NA,NA,177,1,NA,2,232,NA,NA,NA,1,NA,NA,6,NA,NA,NA,NA,2,NA,NA,6,NA,NA,NA,NA,1,NA,NA,NA,NA,NA,NA,NA,NA,NA,3,NA,NA,13,8,5,NA,457
"191",19964438,9.144,6.4008,29.2,29.2,8.95,8.92,13.6,13.6,3.9624,1996,44,"october","30/10/1996",38,"fall",NA,NA,NA,NA,344,NA,NA,NA,290,NA,NA,NA,NA,NA,NA,NA,NA,NA,NA,NA,1,NA,NA,NA,NA,NA,NA,NA,NA,NA,NA,151,NA,NA,NA,NA,NA,NA,NA,NA,NA,NA,NA,NA,NA,786
"192",19962039,9.4488,7.62,27.1,27.2,8.5,8.4,13.7,13.4,2.4384,1996,20,"may","14/05/1996",39,"spring",NA,NA,NA,NA,2,NA,NA,2,15,NA,NA,NA,NA,NA,NA,1,NA,NA,1,NA,3,NA,NA,NA,NA,NA,NA,NA,NA,NA,NA,NA,NA,1,NA,NA,1,1,NA,NA,NA,NA,1,13,NA,41
"193",19962839,8.8392,10.0584,27.6,28.1,7.4,7,22.9,22.5,2.286,1996,28,"july","10/07/1996",39,"summer",NA,NA,NA,NA,7,NA,NA,NA,7,NA,NA,1,1,2,3,NA,NA,NA,NA,NA,3,NA,NA,2,NA,NA,NA,NA,5,NA,NA,8,NA,2,NA,NA,1,1,NA,NA,NA,47,33,34,NA,157
"194",19964239,9.144,10.3632,29.6,29.7,8.4,8.2,14.3,14.3,2.4384,1996,42,"october","15/10/1996",39,"fall",NA,NA,NA,NA,3458,NA,NA,8,194,NA,NA,1,NA,NA,NA,3,NA,NA,NA,NA,1,NA,NA,4,NA,1,NA,NA,4,NA,NA,NA,1,NA,NA,NA,NA,NA,2,NA,NA,16,29,15,NA,3737
"195",19962640,9.144,8.8392,27.3,27.6,7.5,7.43,21.7,21.7,2.1336,1996,26,"june","28/06/1996",40,"spring",NA,NA,NA,NA,17,NA,NA,NA,3,NA,NA,1,2,1,NA,13,NA,NA,NA,NA,6,NA,NA,NA,NA,NA,NA,NA,NA,NA,1,NA,1,1,NA,NA,NA,NA,NA,NA,NA,23,46,34,NA,149
"196",19963240,8.8392,7.9248,27.5,27.7,7.1,6.9,23.2,22.7,2.286,1996,32,"august","05/08/1996",40,"summer",NA,NA,NA,NA,205,NA,3,7,3,NA,NA,NA,3,NA,NA,4,NA,NA,NA,NA,20,NA,NA,NA,1,NA,NA,NA,15,NA,NA,2,NA,NA,NA,NA,26,2,NA,NA,NA,1506,5,4,NA,1806
"197",19963340,9.7536,8.2296,27.8,24.9,7.33,8.13,23.8,23,2.5908,1996,33,"august","15/08/1996",40,"summer",NA,NA,NA,NA,16,NA,NA,NA,9,NA,NA,NA,3,NA,2,5,NA,NA,NA,NA,13,NA,NA,NA,16,NA,NA,NA,2,NA,NA,NA,NA,NA,NA,NA,4,2,NA,NA,NA,302,19,9,NA,402
"198",19963440,9.144,10.0584,27.8,27.9,7.1,7.29,23.8,23.7,0,1996,34,"august","19/08/1996",40,"summer",NA,NA,NA,NA,47,NA,NA,1,1,NA,NA,NA,1,NA,NA,6,NA,NA,NA,NA,15,NA,NA,NA,9,NA,NA,NA,5,NA,NA,NA,NA,NA,NA,NA,2,2,NA,NA,NA,447,12,NA,NA,548
"199",19963640,8.5344,9.144,28.5,28.5,6.75,6.63,23.9,23.3,2.1336,1996,36,"september","04/09/1996",40,"fall",NA,NA,NA,NA,12,NA,1,1,6,NA,NA,NA,3,NA,NA,7,NA,NA,NA,NA,27,NA,NA,NA,8,NA,NA,NA,1,NA,NA,NA,NA,NA,NA,NA,NA,6,NA,NA,NA,73,19,8,NA,172
"200",19963940,9.7536,10.0584,29.5,29.6,7.13,7,19.11,18.98,3.048,1996,39,"september","24/09/1996",40,"fall",NA,NA,NA,NA,6,NA,NA,NA,NA,NA,NA,NA,NA,NA,NA,5,NA,1,NA,NA,8,NA,NA,NA,1,NA,NA,NA,NA,NA,NA,NA,NA,NA,NA,NA,NA,2,NA,NA,NA,77,21,11,NA,132
"201",19964140,10.0584,10.0584,29.3,29.6,8.01,7.38,16,15.9,2.7432,1996,41,"october","10/10/1996",40,"fall",NA,NA,NA,NA,1103,NA,NA,3,18,NA,NA,NA,NA,NA,NA,NA,NA,NA,NA,NA,3,NA,NA,3,NA,NA,NA,NA,1,NA,NA,NA,NA,NA,NA,NA,NA,2,NA,NA,NA,89,29,5,NA,1256
"202",19962441,3.6576,5.7912,27.1,27.5,7.67,8.94,22.5,20.6,2.4384,1996,24,"june","13/06/1996",41,"spring",NA,NA,NA,NA,NA,NA,NA,NA,363,NA,NA,NA,2,1,NA,6,NA,NA,NA,NA,NA,NA,2,2,NA,NA,NA,NA,NA,NA,NA,NA,3,NA,NA,NA,NA,NA,1,NA,NA,NA,1,15,NA,396
"203",19963141,4.2672,3.9624,28.2,28.2,7.03,7.06,23.1,0,2.8956,1996,31,"july","30/07/1996",41,"summer",NA,NA,NA,NA,NA,NA,NA,NA,150,NA,NA,NA,1,NA,NA,1,NA,15,NA,NA,NA,1,1,1,26,NA,NA,NA,NA,NA,NA,27,2,NA,NA,NA,18,6,NA,1,NA,NA,1,54,NA,305
"204",19963241,3.9624,3.3528,27.5,27.6,7,7.4,23.8,23,2.286,1996,32,"august","05/08/1996",41,"summer",NA,NA,NA,NA,6,NA,NA,1,33,NA,NA,NA,NA,NA,NA,3,NA,3,NA,NA,NA,NA,NA,NA,11,NA,NA,NA,1,NA,NA,128,NA,1,NA,NA,61,2,NA,NA,NA,11,2,9,NA,272
"205",19963341,1.2192,6.4008,27.7,27.9,7.57,7.6,23.3,23.1,2.286,1996,33,"august","15/08/1996",41,"summer",NA,NA,NA,NA,NA,NA,NA,NA,161,NA,NA,2,2,NA,NA,10,NA,2,NA,NA,NA,NA,NA,NA,3,NA,NA,NA,NA,NA,NA,41,2,NA,NA,NA,1,4,NA,1,NA,2,1,3,NA,235
"206",19963441,3.9624,6.096,27.9,27.9,6.78,6.68,24,24,1.9812,1996,34,"august","19/08/1996",41,"summer",NA,NA,NA,NA,50,NA,1,3,87,NA,NA,NA,4,NA,NA,NA,NA,1,NA,NA,NA,NA,NA,NA,7,NA,NA,NA,9,NA,NA,8,3,NA,NA,NA,1,3,NA,NA,NA,1190,NA,11,NA,1378
"207",19964041,4.2672,5.4864,29.2,29.3,7.58,7.25,18.3,18.3,2.5908,1996,40,"october","02/10/1996",41,"fall",NA,NA,NA,NA,2,NA,NA,NA,294,NA,NA,NA,NA,NA,NA,NA,NA,NA,NA,NA,NA,NA,NA,NA,1,1,NA,NA,4,NA,NA,NA,4,NA,NA,NA,1,2,NA,NA,NA,NA,2,1,NA,312
"208",19964241,3.9624,2.65176,29.3,29.3,8.4,8.5,13.9,13.8,2.286,1996,42,"october","16/10/1996",41,"fall",NA,NA,NA,NA,7,NA,NA,NA,82,NA,NA,NA,1,NA,NA,NA,NA,NA,NA,NA,NA,NA,NA,NA,NA,NA,NA,NA,NA,NA,NA,NA,2,1,NA,NA,NA,NA,NA,NA,NA,NA,3,4,NA,100
"209",19962342,2.34696,3.3528,26.5,26.5,7.94,8.01,17.9,17.9,2.4384,1996,23,"june","03/06/1996",42,"spring",NA,NA,NA,NA,NA,NA,NA,NA,18,NA,NA,NA,NA,NA,NA,2,NA,NA,NA,NA,NA,NA,NA,NA,NA,NA,NA,NA,NA,NA,NA,NA,NA,NA,NA,NA,NA,NA,NA,2,NA,NA,2,4,NA,28
"210",19962442,1.8288,2.4384,26.5,26.2,7.8,8,21.8,21.8,1.8288,1996,24,"june","10/06/1996",42,"spring",NA,NA,NA,NA,NA,NA,NA,NA,20,NA,NA,NA,NA,NA,NA,NA,NA,NA,NA,NA,NA,NA,NA,3,NA,NA,NA,NA,NA,NA,NA,NA,NA,NA,NA,NA,NA,NA,NA,NA,NA,NA,4,5,NA,32
"211",19962642,1.43256,2.25552,27.1,27.3,7.12,7.19,21.6,21.6,1.8288,1996,26,"june","24/06/1996",42,"spring",NA,NA,NA,NA,NA,NA,NA,NA,14,NA,NA,NA,NA,NA,NA,1,NA,NA,NA,NA,NA,NA,NA,NA,NA,NA,NA,NA,NA,NA,NA,9,NA,2,NA,NA,NA,NA,2,NA,NA,NA,3,30,NA,61
"212",19962742,2.25552,1.49352,26.4,27.3,7.66,7.03,22.9,22.2,1.6764,1996,27,"july","02/07/1996",42,"summer",NA,NA,NA,NA,NA,NA,NA,NA,52,NA,NA,NA,NA,NA,NA,7,NA,NA,NA,NA,NA,NA,NA,NA,NA,NA,NA,NA,NA,NA,NA,34,NA,NA,NA,NA,NA,NA,NA,NA,NA,NA,NA,32,NA,125
"213",19964242,1.524,2.4384,29,29,8.4,8.4,13.5,13.6,5.1816,1996,42,"october","15/10/1996",42,"fall",NA,NA,NA,NA,17,NA,NA,NA,95,NA,NA,NA,NA,NA,NA,NA,NA,NA,NA,NA,NA,NA,NA,NA,NA,NA,NA,NA,NA,NA,1,NA,NA,NA,NA,NA,NA,NA,NA,NA,NA,NA,NA,1,NA,114
"214",19964442,2.65176,4.2672,28.4,28.4,8.26,8.12,14.5,14.4,4.2672,1996,44,"october","28/10/1996",42,"fall",NA,NA,NA,NA,18,NA,NA,NA,52,NA,NA,NA,NA,NA,NA,NA,NA,NA,NA,NA,NA,NA,NA,NA,NA,NA,NA,NA,NA,NA,NA,3,NA,NA,NA,NA,NA,NA,NA,NA,NA,NA,NA,4,NA,77
"215",19962043,5.1816,5.4864,27.1,27.1,8.44,8.37,14,13.5,2.8956,1996,20,"may","15/05/1996",43,"spring",NA,NA,NA,NA,1,NA,NA,NA,12,NA,NA,NA,NA,114,NA,NA,NA,NA,NA,NA,1,NA,NA,NA,NA,NA,NA,NA,NA,NA,NA,NA,NA,2,NA,NA,NA,NA,NA,NA,1,NA,3,11,NA,145
"216",19962143,5.1816,3.9624,26.7,27,8.11,7.73,17.5,0,3.2004,1996,21,"may","21/05/1996",43,"spring",NA,NA,NA,NA,NA,NA,NA,NA,58,NA,NA,NA,NA,NA,NA,NA,NA,NA,NA,NA,1,NA,NA,1,NA,NA,NA,NA,NA,NA,NA,NA,NA,1,NA,NA,NA,1,1,NA,NA,NA,NA,7,NA,70
"217",19962843,2.7432,3.9624,27.9,27.6,7.81,7.72,23.3,22.8,2.4384,1996,28,"july","09/07/1996",43,"summer",NA,NA,NA,NA,1,NA,NA,NA,632,NA,NA,NA,NA,NA,NA,NA,NA,NA,NA,NA,1,NA,NA,NA,1,NA,NA,NA,1,NA,NA,66,NA,1,NA,NA,7,1,NA,NA,NA,43,3,133,NA,890
"218",19963043,5.7912,4.2672,27.6,27.7,6.8,6.6,22.5,22.6,2.1336,1996,30,"july","23/07/1996",43,"summer",NA,NA,NA,NA,210,NA,7,NA,364,NA,NA,NA,NA,NA,NA,11,NA,NA,NA,NA,NA,NA,NA,NA,5,NA,NA,NA,NA,NA,NA,10,NA,3,NA,NA,NA,4,NA,NA,NA,783,5,20,NA,1422
"219",19963143,3.6576,3.3528,26.8,27.6,7,6.8,22.3,22.3,2.1336,1996,31,"august","02/08/1996",43,"summer",NA,NA,NA,NA,9,NA,2,NA,292,NA,NA,NA,NA,NA,NA,NA,NA,1,NA,NA,1,NA,NA,NA,NA,NA,NA,NA,NA,NA,NA,14,NA,2,NA,NA,1,NA,NA,NA,NA,107,NA,5,NA,434
"220",19963543,7.0104,0,27.9,27.9,6.16,6.54,25.5,24.7,1.9812,1996,35,"august","27/08/1996",43,"summer",NA,NA,NA,NA,153,NA,1,NA,11304,NA,NA,NA,NA,NA,2,5,NA,2,NA,NA,4,6,NA,1,19,NA,NA,NA,NA,NA,NA,NA,NA,NA,NA,NA,NA,4,NA,NA,NA,492,3,1,NA,11997
"221",19964043,6.4008,3.6576,29,29.1,7.6,7.2,18.8,18.3,2.1336,1996,40,"october","01/10/1996",43,"fall",NA,NA,NA,NA,51,1,2,NA,1448,NA,NA,NA,NA,NA,NA,NA,NA,NA,NA,NA,NA,NA,NA,NA,NA,NA,NA,NA,NA,NA,NA,4,NA,NA,NA,NA,NA,2,1,NA,NA,36,4,7,NA,1556
"222",19964243,3.6576,5.1816,29.1,29.1,8.4,8.3,13.5,13.6,3.048,1996,42,"october","15/10/1996",43,"fall",NA,NA,NA,NA,623,NA,NA,NA,1290,NA,NA,NA,NA,NA,NA,2,NA,NA,NA,NA,NA,NA,NA,NA,NA,NA,NA,NA,NA,NA,NA,1,NA,NA,NA,NA,NA,NA,NA,NA,NA,NA,NA,35,NA,1951
"223",19964343,5.4864,6.096,28.2,28.9,8.43,7.95,13.84,13.93,3.048,1996,43,"october","22/10/1996",43,"fall",NA,NA,NA,NA,1379,NA,NA,NA,269,NA,NA,NA,NA,NA,NA,NA,NA,NA,NA,NA,NA,1,NA,NA,NA,NA,NA,NA,NA,NA,1,20,NA,NA,NA,NA,NA,NA,3,NA,NA,2,2,27,NA,1704
"224",19961944,7.0104,5.7912,26.8,26.9,8.67,8.11,13.6,13.4,1.8288,1996,19,"may","09/05/1996",44,"spring",NA,NA,NA,NA,25,NA,NA,NA,5,NA,NA,NA,NA,NA,NA,3,NA,NA,NA,NA,1,NA,NA,NA,NA,NA,NA,NA,NA,NA,NA,NA,NA,1,NA,NA,NA,NA,NA,NA,NA,NA,4,NA,NA,39
"225",19962144,2.8956,5.4864,26.7,27.1,8.43,7.92,16.8,15.3,2.1336,1996,21,"may","21/05/1996",44,"spring",NA,NA,NA,NA,NA,NA,NA,NA,158,NA,NA,NA,NA,1,NA,1,NA,NA,NA,NA,1,NA,NA,NA,NA,NA,NA,NA,NA,NA,NA,NA,NA,2,NA,NA,NA,NA,NA,1,NA,1,3,NA,NA,168
"226",19963344,6.4008,6.4008,27.7,27.7,7.25,7.44,23.6,23,1.9812,1996,33,"august","14/08/1996",44,"summer",NA,NA,NA,NA,127,NA,1,3,23,NA,NA,1,1,NA,NA,7,NA,NA,NA,NA,7,NA,NA,NA,7,NA,NA,NA,NA,NA,NA,1,NA,NA,NA,NA,NA,3,NA,2,NA,466,5,3,NA,657
"227",19963444,4.572,4.572,27.9,27.7,7.2,7.3,24.5,24.1,1.3716,1996,34,"august","20/08/1996",44,"summer",NA,NA,NA,NA,30,NA,NA,NA,1024,NA,NA,1,NA,NA,NA,13,NA,NA,NA,NA,8,1,NA,NA,3,NA,NA,NA,1,NA,NA,NA,NA,1,NA,NA,NA,2,NA,NA,NA,271,1,2,NA,1358
"228",19964044,6.4008,5.1816,29,29,7.72,7.42,18.7,18.2,1.8288,1996,40,"october","01/10/1996",44,"fall",NA,NA,NA,NA,4,NA,NA,NA,916,NA,NA,1,NA,NA,NA,8,NA,NA,NA,NA,11,NA,NA,1,NA,NA,NA,NA,NA,NA,NA,1,NA,NA,1,NA,NA,5,1,2,NA,14,6,6,NA,977
"229",19964444,7.0104,7.0104,28.5,28.7,8.41,8.4,14.5,14.4,3.2004,1996,44,"october","28/10/1996",44,"fall",NA,NA,NA,NA,2108,1,NA,3,591,NA,NA,NA,NA,NA,NA,NA,NA,NA,NA,NA,NA,NA,NA,1,NA,NA,NA,NA,1,NA,NA,NA,NA,NA,NA,NA,1,NA,NA,NA,NA,4,1,18,NA,2729
"230",19961945,6.096,5.7912,26.9,27,8.5,8.2,13.4,13.5,1.8288,1996,19,"may","09/05/1996",45,"spring",NA,NA,NA,NA,114,NA,NA,NA,131,NA,NA,NA,NA,NA,NA,1,NA,NA,NA,NA,5,NA,NA,1,NA,NA,NA,NA,NA,NA,NA,NA,NA,4,NA,NA,NA,NA,NA,NA,1,NA,1,3,NA,261
"231",19962245,7.0104,5.4864,26.8,26.9,7.6,7.2,17.7,17.6,1.524,1996,22,"may","29/05/1996",45,"spring",NA,NA,NA,NA,6,NA,NA,NA,312,NA,NA,1,NA,NA,NA,5,NA,NA,NA,NA,3,NA,NA,NA,NA,NA,NA,NA,NA,NA,1,NA,NA,1,NA,NA,NA,NA,NA,NA,NA,17,NA,NA,NA,346
"232",19962445,6.096,6.096,26.8,26.9,8.2,6.9,21.4,20,2.286,1996,24,"june","10/06/1996",45,"spring",NA,NA,NA,NA,23,NA,NA,1,38,NA,NA,1,NA,301,NA,2,NA,NA,NA,NA,7,NA,6,NA,NA,NA,NA,NA,NA,NA,1,NA,NA,1,NA,1,NA,2,NA,NA,NA,NA,5,87,NA,476
"233",19962945,6.096,4.2672,27.5,27.6,0,0,23.4,23.1,2.1336,1996,29,"july","17/07/1996",45,"summer",NA,NA,NA,NA,46,NA,NA,2,95,NA,NA,3,NA,NA,NA,3,NA,NA,NA,NA,3,NA,NA,NA,1,NA,NA,NA,7,NA,NA,1,NA,NA,NA,NA,1,2,NA,NA,NA,161,5,6,NA,336
"234",19963345,7.0104,7.3152,27.7,27.8,7.15,7.25,23.3,23,2.286,1996,33,"august","14/08/1996",45,"summer",NA,NA,NA,NA,44,NA,6,2,9,NA,NA,NA,NA,NA,1,6,NA,NA,NA,NA,9,NA,NA,NA,2,NA,NA,NA,1,NA,NA,NA,NA,NA,NA,NA,NA,2,NA,NA,NA,429,13,1,NA,525
"235",19963745,6.7056,0,28.3,28.5,6.4,5.4,24.8,23.7,2.5908,1996,37,"september","10/09/1996",45,"fall",NA,NA,NA,NA,317,NA,NA,NA,2718,NA,NA,1,NA,NA,1,NA,2,2,NA,NA,31,1,NA,2,1,NA,NA,NA,NA,NA,NA,1,NA,NA,NA,NA,NA,4,NA,NA,NA,181,NA,NA,NA,3262
"236",19964145,5.4864,0,29.5,29.5,7.48,7.41,15.7,15.7,1.6764,1996,41,"october","08/10/1996",45,"fall",NA,NA,NA,NA,66,2,NA,NA,407,NA,NA,NA,NA,NA,NA,NA,NA,NA,NA,NA,10,NA,NA,2,NA,1,NA,NA,NA,NA,NA,NA,NA,NA,NA,NA,NA,4,1,NA,NA,59,24,NA,NA,576
"237",19964245,6.4008,7.0104,29.6,29.5,8.2,8,13.9,14,1.8288,1996,42,"october","15/10/1996",45,"fall",NA,NA,NA,NA,403,NA,NA,2,294,NA,NA,NA,NA,NA,NA,NA,NA,NA,NA,NA,NA,NA,NA,1,NA,NA,NA,NA,NA,NA,NA,NA,NA,NA,NA,NA,NA,2,NA,NA,NA,6,13,NA,NA,721
"238",19964345,6.7056,7.0104,28.5,29,8.75,7.83,14.1,14.1,2.7432,1996,43,"october","22/10/1996",45,"fall",NA,NA,NA,NA,823,NA,NA,8,433,NA,NA,NA,NA,NA,NA,NA,NA,NA,NA,NA,3,1,1,1,NA,NA,NA,NA,NA,NA,NA,NA,NA,NA,5,NA,NA,NA,3,NA,NA,5,9,3,NA,1295
"239",19961946,4.572,6.4008,27,27,8.4,8.39,13.5,13.4,1.8288,1996,19,"may","09/05/1996",46,"spring",NA,NA,NA,NA,57,NA,NA,NA,34,NA,NA,NA,NA,NA,NA,NA,NA,NA,NA,NA,1,NA,NA,NA,NA,NA,NA,NA,NA,NA,NA,NA,NA,4,NA,NA,NA,NA,NA,NA,1,NA,1,3,NA,101
"240",19962546,4.8768,6.7056,27.1,27.2,5.88,5.66,23.4,22.7,3.9624,1996,25,"june","18/06/1996",46,"spring",NA,NA,NA,NA,1,NA,NA,1,73,NA,NA,NA,NA,1,NA,8,NA,NA,NA,NA,3,NA,NA,NA,NA,NA,NA,NA,NA,NA,1,NA,NA,NA,NA,NA,NA,NA,NA,NA,NA,2,4,NA,NA,94
"241",19962846,4.2672,5.4864,27,28.1,7.7,7.6,23.3,22.7,2.286,1996,28,"july","09/07/1996",46,"summer",NA,NA,NA,NA,3,NA,NA,NA,908,NA,NA,6,NA,NA,NA,NA,NA,NA,NA,NA,2,NA,NA,NA,2,NA,NA,NA,NA,NA,NA,22,NA,NA,NA,NA,1,3,NA,1,NA,76,11,35,NA,1070
"242",19962946,4.572,3.3528,27.5,27.5,0,0,23.8,23.3,1.9812,1996,29,"july","17/07/1996",46,"summer",NA,NA,NA,NA,12,NA,NA,NA,563,NA,NA,1,NA,NA,NA,1,NA,NA,NA,NA,NA,NA,NA,NA,26,NA,NA,NA,NA,NA,NA,25,1,1,NA,NA,1,11,NA,NA,NA,71,13,28,NA,754
"243",19963046,4.572,6.4008,27.9,27.8,7.2,6.89,23.2,22.9,1.8288,1996,30,"july","22/07/1996",46,"summer",NA,NA,NA,NA,18,NA,1,2,1273,NA,NA,2,NA,NA,NA,1,NA,1,NA,NA,NA,NA,NA,NA,13,NA,NA,NA,NA,NA,NA,7,NA,NA,NA,NA,4,3,NA,NA,NA,63,2,7,NA,1397
"244",19963846,3.9624,4.572,29.1,29.1,6.9,6.86,19.34,19.26,1.8288,1996,38,"september","20/09/1996",46,"fall",NA,NA,NA,NA,59,NA,NA,NA,392,NA,NA,5,NA,NA,NA,3,NA,3,NA,NA,NA,NA,NA,NA,NA,NA,NA,NA,NA,NA,1,5,NA,2,NA,NA,NA,4,NA,NA,NA,1,1,NA,NA,476
"245",19963946,4.8768,4.572,27.9,27.9,0,0,19,18.8,2.286,1996,39,"september","25/09/1996",46,"fall",NA,NA,NA,NA,2,NA,NA,NA,408,NA,NA,NA,NA,NA,NA,2,NA,1,NA,NA,NA,NA,NA,NA,NA,NA,NA,NA,NA,NA,NA,NA,NA,NA,NA,NA,NA,3,NA,NA,NA,NA,1,1,NA,418
"246",19962647,3.01752,3.048,27.7,26.9,7.34,7.42,21.9,21.9,1.3716,1996,26,"june","24/06/1996",47,"spring",NA,NA,NA,NA,NA,NA,NA,NA,153,NA,NA,NA,1,NA,NA,NA,NA,NA,NA,NA,NA,NA,NA,NA,NA,NA,NA,NA,NA,NA,NA,NA,NA,NA,NA,NA,NA,NA,NA,NA,NA,NA,NA,28,NA,182
"247",19962847,2.86512,3.6576,27.7,27.7,7.44,7.53,23.3,23.3,2.1336,1996,28,"july","09/07/1996",47,"summer",NA,NA,NA,NA,NA,NA,NA,NA,187,NA,NA,NA,1,NA,NA,NA,NA,1,NA,NA,NA,NA,NA,NA,1,NA,NA,NA,NA,NA,NA,6,NA,2,NA,NA,NA,NA,NA,NA,NA,NA,3,26,NA,227
"248",19962947,2.286,3.3528,27.4,27.5,0,0,23.7,23.7,2.1336,1996,29,"july","17/07/1996",47,"summer",NA,NA,NA,NA,NA,NA,NA,NA,34,NA,NA,NA,NA,NA,NA,1,NA,NA,NA,NA,NA,NA,NA,NA,5,NA,NA,NA,NA,NA,NA,26,NA,7,NA,NA,NA,NA,NA,NA,NA,1,1,34,NA,109
"249",19963047,2.37744,2.92608,27.7,27.7,6.73,7.03,22.9,22.9,2.1336,1996,30,"july","22/07/1996",47,"summer",NA,NA,NA,NA,NA,NA,NA,NA,105,NA,NA,NA,2,NA,NA,NA,NA,NA,NA,NA,NA,NA,NA,NA,1,NA,NA,NA,NA,NA,NA,57,NA,4,NA,NA,NA,NA,NA,NA,NA,1,1,6,NA,177
"250",19963147,3.048,0,27.9,27.9,7.1,7.2,23.5,23.5,2.286,1996,31,"july","30/07/1996",47,"summer",NA,NA,NA,NA,NA,NA,NA,NA,65,NA,NA,NA,NA,NA,NA,NA,NA,2,NA,NA,NA,NA,NA,NA,2,NA,NA,NA,2,NA,NA,151,NA,4,NA,NA,NA,NA,NA,1,NA,1,NA,2,NA,230
"251",19963547,3.048,3.9624,27.9,27.9,6.74,6.78,25.1,25,1.524,1996,35,"august","26/08/1996",47,"summer",NA,NA,NA,NA,9,NA,NA,NA,115,NA,NA,NA,1,NA,NA,NA,NA,NA,NA,NA,NA,NA,NA,2,NA,NA,NA,NA,NA,NA,NA,1,NA,3,NA,NA,NA,NA,NA,NA,NA,1,NA,NA,NA,132
"252",19963647,3.048,3.3528,28.3,28.3,6.3,6.52,24.9,23.7,1.6764,1996,36,"september","03/09/1996",47,"fall",NA,NA,NA,NA,7,NA,NA,NA,240,NA,NA,NA,NA,NA,NA,2,NA,2,NA,NA,NA,NA,NA,NA,NA,NA,NA,NA,NA,NA,NA,5,NA,6,NA,NA,NA,NA,NA,NA,NA,1,NA,NA,NA,263
"253",19964247,2.286,3.048,29.2,29.2,8.32,8.34,13.6,13.6,2.1336,1996,42,"october","16/10/1996",47,"fall",NA,NA,NA,NA,1,NA,NA,NA,50,NA,NA,NA,NA,NA,NA,NA,NA,NA,NA,NA,NA,NA,NA,NA,NA,NA,NA,NA,NA,NA,NA,NA,NA,3,NA,NA,NA,NA,NA,NA,NA,NA,NA,NA,NA,54
"254",19962448,4.2672,4.572,27,27,7.8,7.8,21.5,21.3,2.286,1996,24,"june","13/06/1996",48,"spring",NA,NA,NA,NA,NA,NA,NA,NA,22,NA,NA,NA,NA,NA,NA,10,NA,NA,NA,NA,NA,NA,NA,NA,NA,NA,NA,NA,NA,NA,NA,NA,NA,10,NA,NA,NA,NA,2,NA,6,NA,NA,3,NA,53
"255",19962648,3.9624,7.0104,27.3,27.5,6.91,6.96,21.7,21.8,1.8288,1996,26,"june","24/06/1996",48,"spring",NA,NA,NA,NA,NA,NA,NA,NA,170,NA,NA,NA,2,NA,NA,1,NA,NA,NA,NA,NA,NA,1,NA,NA,NA,NA,NA,NA,NA,1,NA,1,6,NA,NA,3,NA,NA,1,NA,NA,4,7,NA,197
"256",19963048,3.9624,10.3632,27.8,27.8,6.97,6.82,23.1,23,1.9812,1996,30,"july","22/07/1996",48,"summer",NA,NA,NA,NA,NA,NA,NA,NA,129,NA,NA,NA,1,NA,NA,NA,NA,NA,NA,NA,NA,NA,NA,NA,16,NA,NA,NA,6,NA,NA,28,NA,4,NA,NA,2,4,NA,NA,NA,44,14,74,NA,322
"257",19963648,3.9624,8.8392,28.4,28.3,6.95,6.91,23.7,23.7,1.8288,1996,36,"september","04/09/1996",48,"fall",NA,NA,NA,NA,3,NA,NA,1,175,NA,NA,NA,1,NA,NA,3,NA,1,NA,NA,NA,NA,NA,NA,7,NA,NA,NA,7,NA,1,NA,NA,1,NA,NA,1,11,NA,NA,NA,208,23,49,NA,492
"258",19964348,4.2672,10.0584,28.8,28.9,8.25,8.2,14,14,4.2672,1996,43,"october","22/10/1996",48,"fall",NA,NA,NA,NA,5,NA,NA,NA,186,NA,NA,NA,NA,NA,NA,1,NA,NA,NA,NA,NA,NA,NA,NA,NA,1,NA,NA,1,NA,NA,NA,1,1,NA,NA,NA,NA,5,NA,NA,3,10,7,1,222
"259",19964448,5.4864,12.192,28.8,28.9,8.8,8.8,13.4,13.4,4.1148,1996,44,"october","30/10/1996",48,"fall",NA,NA,NA,NA,6,NA,NA,NA,59,NA,NA,NA,NA,NA,NA,NA,NA,NA,NA,NA,NA,NA,NA,1,NA,NA,NA,NA,NA,NA,NA,2,NA,4,NA,NA,NA,NA,NA,NA,NA,NA,NA,NA,NA,72
"260",19962049,6.096,5.7912,26.9,26.9,7.75,8.51,13.9,13.7,1.9812,1996,20,"may","14/05/1996",49,"spring",NA,NA,NA,NA,NA,NA,NA,NA,28,1,NA,NA,NA,NA,NA,5,NA,NA,NA,NA,1,NA,NA,NA,NA,NA,NA,NA,NA,NA,NA,NA,NA,3,NA,NA,NA,NA,NA,NA,NA,NA,NA,NA,NA,38
"261",19962249,5.7912,7.9248,26.6,26.9,7.8,7.4,17.6,17.5,2.1336,1996,22,"may","28/05/1996",49,"spring",NA,NA,NA,NA,34,NA,NA,NA,82,NA,NA,NA,NA,587,NA,1,NA,NA,NA,NA,NA,NA,NA,NA,NA,NA,NA,NA,NA,NA,2,NA,NA,1,NA,NA,NA,NA,NA,NA,1,NA,NA,8,NA,716
"262",19962649,6.096,5.7912,27.5,27.9,7.41,7.34,22.1,22.1,1.8288,1996,26,"june","28/06/1996",49,"spring",NA,NA,NA,NA,NA,NA,NA,NA,937,NA,NA,NA,2,NA,NA,17,NA,NA,NA,NA,NA,NA,NA,NA,NA,NA,NA,NA,1,NA,NA,NA,NA,1,NA,NA,NA,NA,NA,NA,NA,NA,2,100,NA,1060
"263",19962749,5.7912,6.096,27.1,27.3,6.78,6.68,21.5,21.4,2.1336,1996,27,"july","01/07/1996",49,"summer",NA,NA,NA,NA,2,NA,NA,NA,731,NA,NA,NA,NA,NA,NA,9,NA,NA,NA,NA,NA,NA,NA,NA,NA,NA,NA,NA,7,NA,NA,23,NA,3,NA,NA,1,NA,NA,1,NA,2,5,27,NA,811
"264",19963349,6.096,6.096,27.9,27.9,7.54,7.1,23.7,22.8,1.9812,1996,33,"august","14/08/1996",49,"summer",NA,NA,NA,NA,NA,NA,NA,NA,268,NA,NA,4,3,NA,NA,85,NA,6,NA,NA,NA,NA,NA,NA,2,NA,NA,NA,NA,NA,1,6,NA,1,NA,NA,1,2,NA,NA,NA,6,NA,1,NA,386
"265",19963549,5.7912,5.7912,28.1,28.1,6.94,6.74,25.6,24.5,1.8288,1996,35,"august","26/08/1996",49,"summer",NA,NA,NA,NA,NA,NA,NA,NA,1218,NA,NA,2,1,NA,NA,83,NA,4,NA,NA,NA,NA,NA,NA,6,NA,NA,NA,NA,NA,2,36,1,9,NA,NA,NA,5,NA,NA,NA,1,NA,NA,NA,1368
"266",19964049,5.1816,4.2672,29.2,29.1,7.4,7.3,18.5,18.5,2.4384,1996,40,"october","02/10/1996",49,"fall",NA,NA,NA,NA,7,NA,NA,1,710,NA,NA,3,1,NA,NA,5,NA,NA,NA,NA,9,NA,NA,NA,NA,NA,NA,NA,3,NA,NA,1,2,NA,NA,NA,NA,2,3,NA,NA,13,6,6,NA,772
"267",19962050,5.4864,3.3528,26.9,26.9,8.5,8.5,13.9,13.9,2.4384,1996,20,"may","14/05/1996",50,"spring",NA,NA,NA,NA,58,NA,NA,NA,23,NA,NA,NA,NA,NA,NA,12,NA,NA,NA,NA,NA,NA,NA,1,NA,NA,NA,NA,NA,NA,NA,NA,NA,3,NA,NA,NA,NA,NA,NA,NA,NA,NA,7,NA,104
"268",19962250,5.7912,6.7056,26.7,26.8,7.35,7.34,17.6,17.4,0,1996,22,"may","28/05/1996",50,"spring",NA,NA,NA,NA,192,NA,NA,NA,125,NA,NA,NA,1,285,1,2,NA,NA,NA,NA,NA,NA,NA,2,NA,NA,NA,NA,NA,NA,NA,NA,NA,NA,NA,NA,NA,NA,NA,NA,NA,NA,NA,9,NA,617
"269",19962950,5.4864,4.2672,27.7,27.7,7.56,7.46,23.9,23.5,2.5908,1996,29,"july","17/07/1996",50,"summer",NA,NA,NA,NA,NA,NA,NA,1,94,NA,NA,NA,2,NA,NA,1,NA,NA,NA,NA,1,NA,NA,1,40,NA,NA,NA,NA,NA,NA,174,NA,NA,NA,NA,6,4,NA,1,NA,13,3,112,NA,453
"270",19963750,5.7912,3.9624,28.6,28.7,6.7,6.6,23.9,23.6,1.8288,1996,37,"september","09/09/1996",50,"fall",NA,NA,NA,NA,38,NA,NA,NA,440,NA,NA,1,1,NA,NA,2,NA,3,NA,NA,NA,NA,NA,NA,16,NA,NA,NA,4,NA,NA,1,NA,NA,NA,NA,NA,26,NA,NA,NA,7,15,30,NA,584
"271",19964450,6.096,5.7912,28.9,28.9,8.9,8.9,13.3,13.3,3.048,1996,44,"october","30/10/1996",50,"fall",NA,NA,NA,NA,2380,NA,NA,NA,248,NA,NA,NA,NA,NA,NA,4,NA,NA,NA,NA,1,NA,NA,NA,NA,NA,NA,NA,NA,1,NA,31,3,NA,NA,NA,1,NA,NA,NA,NA,NA,7,19,NA,2695
"272",19962551,3.3528,1.95072,26.9,26.9,5.9,5.8,23.3,23.3,2.4384,1996,25,"june","18/06/1996",51,"spring",NA,NA,NA,NA,4,NA,NA,NA,532,NA,NA,NA,1,NA,NA,3,NA,NA,NA,NA,NA,NA,NA,3,NA,NA,NA,NA,NA,NA,NA,NA,NA,4,NA,NA,NA,NA,NA,2,NA,NA,10,264,NA,823
"273",19963451,1.8288,3.6576,27.2,27.2,7.15,7.36,24.6,24.6,1.6764,1996,34,"august","20/08/1996",51,"summer",NA,NA,NA,NA,7,NA,NA,NA,880,NA,NA,1,2,NA,NA,NA,NA,NA,NA,NA,NA,NA,NA,NA,NA,NA,NA,NA,NA,NA,NA,45,NA,NA,NA,NA,11,NA,NA,NA,NA,NA,NA,15,NA,961
"274",19963851,2.7432,2.7432,29,29,7,7,18.9,18.9,1.6764,1996,38,"september","19/09/1996",51,"fall",NA,NA,NA,NA,NA,NA,3,NA,1448,NA,NA,NA,NA,NA,NA,6,NA,4,NA,NA,NA,NA,NA,1,NA,NA,NA,NA,NA,NA,NA,5,NA,NA,NA,NA,NA,NA,7,2,NA,NA,NA,7,NA,1483
"275",19963951,2.80416,3.048,27.9,27.8,0,0,18.2,18.2,1.3716,1996,39,"september","25/09/1996",51,"fall",NA,NA,NA,NA,NA,NA,1,NA,88,NA,NA,NA,1,NA,NA,NA,NA,1,NA,NA,NA,NA,NA,NA,NA,NA,NA,NA,NA,NA,NA,1,NA,1,NA,NA,NA,NA,2,NA,NA,NA,NA,1,NA,96
"276",19964151,3.048,2.1336,29.1,29.1,7.95,7.83,15.2,15.2,2.4384,1996,41,"october","08/10/1996",51,"fall",NA,NA,NA,NA,NA,NA,NA,NA,123,NA,NA,NA,NA,NA,NA,NA,NA,NA,NA,NA,NA,NA,NA,NA,NA,NA,NA,NA,NA,NA,NA,NA,NA,1,NA,NA,NA,NA,1,NA,NA,NA,NA,4,NA,129
"277",19964451,3.048,2.7432,28,28.2,8.41,8.28,14.4,14.4,4.2672,1996,44,"october","28/10/1996",51,"fall",NA,NA,NA,NA,8,NA,NA,NA,30,NA,NA,NA,NA,NA,NA,NA,NA,NA,NA,NA,NA,NA,NA,NA,NA,NA,NA,NA,NA,NA,NA,3,NA,NA,NA,NA,NA,NA,NA,NA,NA,NA,NA,3,NA,44
"278",19962052,5.7912,6.096,26.7,26.7,7.95,8.4,14,13.7,2.1336,1996,20,"may","15/05/1996",52,"spring",NA,NA,NA,NA,537,NA,NA,NA,38,NA,NA,NA,1,NA,NA,2,NA,NA,NA,NA,1,NA,NA,NA,NA,NA,NA,NA,NA,NA,NA,NA,NA,NA,NA,1,NA,NA,NA,NA,NA,NA,2,7,NA,589
"279",19962252,5.7912,2.1336,26.7,26.8,7.32,7.25,17.9,17.7,1.9812,1996,22,"may","29/05/1996",52,"spring",NA,NA,NA,NA,22,NA,NA,NA,249,NA,NA,NA,NA,369,1,NA,NA,NA,NA,NA,2,NA,NA,1,NA,NA,NA,NA,NA,NA,2,NA,NA,2,NA,NA,NA,NA,NA,NA,NA,NA,1,9,NA,658
"280",19962352,1.8288,3.048,26.7,26.7,7.8,7.7,17.7,17.7,1.6764,1996,23,"june","03/06/1996",52,"spring",NA,NA,NA,NA,NA,NA,NA,NA,50,NA,NA,NA,NA,NA,NA,4,NA,NA,NA,NA,NA,NA,1,NA,NA,NA,NA,NA,NA,NA,NA,NA,3,NA,NA,NA,NA,NA,NA,NA,NA,NA,1,6,NA,65
"281",19963452,4.8768,1.524,27.2,27.7,7.49,7.07,24.5,24.2,1.8288,1996,34,"august","20/08/1996",52,"summer",NA,NA,NA,NA,28,NA,1,NA,3024,NA,NA,NA,3,NA,NA,3,NA,4,NA,NA,5,1,NA,2,24,NA,NA,NA,NA,NA,NA,111,1,NA,NA,NA,NA,7,NA,2,NA,426,8,28,NA,3678
"282",19963552,5.7912,2.7432,27.9,28,6.67,6.41,25.5,24.7,2.1336,1996,35,"august","27/08/1996",52,"summer",NA,NA,NA,NA,433,NA,1,NA,2878,NA,NA,NA,1,NA,NA,3,NA,12,NA,NA,2,2,NA,2,8,NA,NA,NA,NA,NA,NA,47,NA,NA,NA,NA,NA,8,NA,NA,NA,530,5,18,NA,3950
"283",19962253,6.7056,6.7056,26.5,27.6,7.18,7.08,18,17.7,1.6764,1996,22,"may","29/05/1996",53,"spring",NA,NA,NA,NA,14,NA,NA,NA,389,NA,NA,NA,2,7,NA,45,NA,NA,NA,NA,2,NA,NA,NA,NA,NA,NA,NA,NA,NA,NA,NA,NA,1,NA,NA,NA,NA,NA,NA,NA,9,NA,4,NA,473
"284",19962353,6.7056,7.0104,26.9,26.9,7.8,7.7,17.8,17.8,1.8288,1996,23,"june","03/06/1996",53,"spring",NA,NA,NA,NA,23,NA,NA,NA,NA,NA,NA,1,NA,NA,NA,NA,NA,NA,NA,NA,NA,NA,1,NA,NA,NA,NA,NA,NA,NA,7,NA,NA,NA,NA,NA,NA,NA,NA,1,NA,6,NA,75,NA,114
"285",19962653,4.572,4.8768,26.5,27.4,6.57,6.58,21.8,21.8,1.8288,1996,26,"june","24/06/1996",53,"spring",NA,NA,NA,NA,NA,NA,NA,NA,396,NA,NA,NA,1,NA,NA,1,NA,NA,NA,NA,1,NA,NA,NA,NA,NA,NA,NA,NA,NA,NA,NA,NA,NA,NA,NA,NA,NA,NA,1,NA,NA,6,130,NA,536
"286",19962753,6.7056,7.3152,27,27.6,7.3,6,23.5,21.6,2.286,1996,27,"july","02/07/1996",53,"summer",NA,NA,NA,NA,114,NA,NA,NA,13,NA,NA,1,NA,NA,NA,32,NA,NA,2,NA,5,NA,NA,NA,NA,NA,NA,NA,NA,NA,NA,3,NA,NA,NA,NA,NA,NA,NA,NA,NA,54,37,11,NA,272
"287",19963053,6.096,5.1816,27.8,27.7,6.74,6.43,22.7,22.7,2.4384,1996,30,"july","23/07/1996",53,"summer",NA,NA,NA,NA,214,NA,3,1,92,NA,NA,1,NA,NA,1,8,NA,NA,NA,NA,9,NA,NA,1,3,NA,NA,NA,NA,NA,1,2,NA,NA,NA,NA,9,3,NA,NA,NA,1001,14,12,NA,1375
"288",19963153,6.096,6.096,26.2,27.9,7.6,6.6,22.2,22.6,2.4384,1996,31,"august","02/08/1996",53,"summer",NA,NA,NA,NA,103,NA,4,NA,29,NA,NA,4,1,NA,NA,6,1,NA,NA,NA,7,NA,NA,1,4,NA,NA,NA,NA,NA,1,NA,NA,NA,NA,NA,3,6,NA,NA,NA,533,11,39,NA,753
"289",19963253,6.096,5.7912,26.8,25.5,7.4,6.8,23.4,22.7,2.8956,1996,32,"august","05/08/1996",53,"summer",NA,NA,NA,NA,66,NA,6,2,12,NA,NA,NA,NA,NA,NA,3,NA,NA,NA,NA,6,NA,NA,1,3,NA,NA,NA,NA,NA,NA,NA,NA,NA,NA,NA,1,3,NA,NA,NA,287,15,7,NA,412
"290",19963853,6.4008,6.4008,28.7,28.8,6.83,6.77,18.71,18.69,1.524,1996,38,"september","19/09/1996",53,"fall",NA,NA,NA,NA,74,NA,1,NA,830,NA,NA,1,1,NA,NA,4,2,NA,NA,NA,6,NA,NA,2,1,NA,NA,NA,1,NA,NA,NA,NA,NA,NA,NA,1,3,NA,NA,NA,100,1,3,NA,1031
"291",19963953,6.7056,6.4008,28,28.6,0,0,18.8,18.7,1.3716,1996,39,"september","25/09/1996",53,"fall",NA,NA,NA,NA,11,NA,NA,NA,1177,NA,NA,2,2,NA,NA,3,NA,NA,NA,NA,11,NA,NA,1,2,NA,NA,NA,NA,NA,NA,NA,NA,1,NA,NA,NA,2,NA,NA,NA,273,13,4,NA,1502
"292",19964153,6.4008,6.096,29.2,29.3,7.6,7.5,15.3,15.3,1.524,1996,41,"october","08/10/1996",53,"fall",NA,NA,NA,NA,592,NA,NA,NA,697,NA,NA,NA,1,NA,NA,2,NA,NA,NA,NA,18,NA,NA,1,1,NA,NA,NA,NA,NA,NA,NA,NA,NA,NA,NA,1,1,NA,NA,NA,15,10,5,NA,1344
"293",19964253,6.096,6.096,29,29.4,8.2,8,13.9,14,1.9812,1996,42,"october","15/10/1996",53,"fall",NA,NA,NA,NA,660,NA,NA,NA,600,NA,NA,NA,NA,NA,NA,1,NA,NA,NA,NA,3,NA,NA,NA,NA,1,NA,NA,NA,NA,NA,NA,NA,NA,1,NA,NA,NA,1,NA,NA,9,22,1,NA,1299
"294",19962155,7.62,6.7056,26.8,26.8,8.62,8.51,16.8,15.6,3.5052,1996,21,"may","21/05/1996",55,"spring",NA,NA,NA,NA,358,NA,NA,NA,1,NA,NA,1,1,NA,NA,1,NA,NA,NA,NA,3,NA,NA,NA,NA,NA,NA,NA,NA,NA,1,NA,NA,NA,NA,NA,NA,NA,NA,NA,NA,NA,2,NA,1,369
"295",19962855,6.7056,6.4008,27.1,27.9,7.55,8.23,23.1,22.6,2.286,1996,28,"july","09/07/1996",55,"summer",NA,NA,NA,NA,142,NA,NA,NA,11,NA,NA,NA,NA,1,NA,NA,NA,NA,NA,NA,2,1,NA,NA,1,NA,NA,NA,NA,NA,1,5,NA,NA,NA,NA,1,1,NA,NA,NA,373,31,1,NA,571
"296",19963355,7.0104,7.0104,27.7,27.7,7.3,7.7,23.8,23.1,1.8288,1996,33,"august","14/08/1996",55,"summer",NA,NA,NA,NA,123,NA,3,NA,5,NA,NA,NA,NA,NA,NA,8,NA,NA,NA,NA,7,NA,NA,NA,11,NA,NA,NA,NA,NA,NA,NA,NA,NA,NA,NA,1,5,NA,NA,NA,353,4,1,NA,521
"297",19963455,6.4008,6.4008,27.8,27.9,7.1,7.2,24,23.8,1.6764,1996,34,"august","20/08/1996",55,"summer",NA,NA,NA,NA,40,NA,17,NA,8,NA,NA,1,NA,NA,1,1,NA,NA,NA,NA,7,NA,NA,3,10,NA,NA,NA,NA,NA,NA,NA,NA,NA,NA,NA,5,1,NA,NA,NA,302,3,4,NA,403
"298",19963655,6.7056,6.7056,28.2,28.3,6.53,6.03,24.6,23.2,1.8288,1996,36,"september","03/09/1996",55,"fall",NA,NA,NA,NA,52,NA,2,4,968,NA,NA,1,NA,NA,1,7,NA,NA,NA,NA,14,NA,NA,NA,14,NA,NA,NA,NA,NA,NA,NA,NA,NA,NA,NA,1,NA,NA,NA,NA,422,2,2,NA,1490
"299",19963855,6.7056,7.9248,29.1,29.3,6.96,6.93,19.11,19.12,2.1336,1996,38,"september","20/09/1996",55,"fall",NA,NA,NA,NA,71,NA,NA,NA,158,NA,NA,1,NA,NA,NA,7,NA,NA,NA,NA,2,1,NA,NA,2,NA,NA,NA,NA,NA,NA,NA,NA,NA,1,NA,1,2,2,NA,NA,43,NA,3,NA,294
"300",19964055,6.4008,7.0104,29.2,29.2,7.37,7.42,18.5,18.5,2.1336,1996,40,"october","01/10/1996",55,"fall",NA,NA,NA,NA,11,1,NA,1,215,NA,NA,4,NA,NA,NA,1,1,1,NA,NA,9,NA,NA,1,NA,NA,NA,NA,NA,NA,2,NA,NA,NA,8,NA,NA,1,NA,NA,NA,56,10,1,NA,323
"301",19962556,6.4008,3.048,27.3,27.4,6.7,6.2,23,22.8,3.5052,1996,25,"june","18/06/1996",56,"spring",NA,NA,NA,NA,NA,NA,NA,NA,309,NA,NA,NA,NA,NA,NA,1,NA,NA,NA,NA,NA,NA,NA,3,NA,NA,NA,NA,NA,NA,NA,NA,NA,4,NA,NA,NA,NA,NA,NA,NA,NA,NA,48,NA,365
"302",19963156,6.096,7.0104,27.9,28,6.32,6.8,22.6,22.6,2.286,1996,31,"august","01/08/1996",56,"summer",NA,NA,NA,NA,NA,NA,NA,NA,43,NA,NA,NA,NA,NA,NA,NA,NA,NA,NA,NA,8,NA,NA,NA,NA,NA,NA,NA,3,NA,NA,NA,NA,1,NA,NA,NA,NA,NA,NA,NA,70,1,1,NA,127
"303",19963556,6.7056,7.9248,28.1,28.1,6.9,6.6,24.7,24.3,1.9812,1996,35,"august","26/08/1996",56,"summer",NA,NA,NA,NA,9,NA,NA,NA,115,NA,NA,NA,1,NA,NA,2,NA,1,1,NA,3,NA,NA,NA,16,NA,NA,NA,6,NA,NA,NA,NA,NA,NA,NA,2,6,NA,NA,NA,478,3,8,NA,651
"304",19964156,6.096,7.62,29.6,29.7,7.61,7.4,15.8,15.9,2.5908,1996,41,"october","08/10/1996",56,"fall",NA,NA,NA,NA,980,NA,4,1,568,1,NA,4,NA,NA,NA,NA,NA,NA,NA,NA,6,NA,NA,NA,NA,NA,NA,NA,1,NA,NA,NA,1,NA,NA,NA,2,1,1,NA,NA,18,12,4,NA,1604
"305",19962657,8.5344,4.572,27.7,27.3,7.9,7.6,22,21.9,2.4384,1996,26,"june","28/06/1996",57,"spring",NA,NA,NA,NA,NA,NA,NA,NA,47,NA,NA,NA,NA,NA,NA,NA,NA,NA,NA,NA,NA,NA,NA,NA,2,NA,NA,NA,NA,NA,NA,3,NA,2,NA,NA,NA,NA,1,NA,NA,NA,1,13,NA,69
"306",19963357,4.572,4.572,27.8,27.8,7.08,7.71,23.5,23.1,2.286,1996,33,"august","14/08/1996",57,"summer",NA,NA,NA,NA,NA,NA,NA,NA,43,NA,NA,NA,NA,NA,NA,2,NA,NA,NA,NA,NA,NA,NA,NA,NA,NA,NA,NA,2,NA,NA,8,NA,5,NA,NA,2,NA,NA,NA,NA,1,NA,NA,NA,63
"307",19963557,7.62,7.62,28.1,28.1,6.45,6.52,24.5,24.5,1.6764,1996,35,"august","26/08/1996",57,"summer",NA,NA,NA,NA,2,NA,1,4,552,NA,NA,NA,1,NA,NA,8,NA,NA,NA,NA,9,NA,NA,5,9,NA,NA,NA,6,NA,NA,NA,NA,1,NA,NA,3,6,NA,1,NA,403,2,2,NA,1015
"308",19964057,7.0104,7.0104,29.2,29.2,7.24,7.19,18.44,18.41,2.4384,1996,40,"october","01/10/1996",57,"fall",NA,NA,NA,NA,NA,NA,NA,NA,247,NA,NA,NA,NA,NA,NA,4,NA,NA,NA,NA,NA,NA,NA,NA,1,NA,NA,NA,NA,NA,NA,NA,4,1,NA,NA,NA,NA,3,1,NA,NA,1,NA,NA,262
"309",19962658,4.8768,4.8768,27,27.7,7.27,7.11,22,21.9,2.1336,1996,26,"june","24/06/1996",58,"spring",NA,NA,NA,NA,NA,NA,NA,NA,253,NA,NA,NA,1,NA,NA,NA,NA,NA,NA,NA,NA,NA,NA,2,NA,NA,NA,NA,NA,NA,NA,38,NA,1,NA,NA,NA,NA,NA,NA,NA,NA,NA,72,NA,367
"310",19964058,4.572,5.4864,29.2,29.2,7.35,7.3,18.55,18.51,3.048,1996,40,"october","01/10/1996",58,"fall",NA,NA,NA,NA,NA,NA,NA,NA,489,NA,NA,NA,NA,NA,NA,NA,NA,5,NA,NA,1,NA,NA,NA,NA,NA,NA,NA,2,NA,NA,NA,NA,NA,NA,NA,NA,NA,NA,NA,NA,NA,NA,1,NA,498
"311",19964358,4.2672,5.1816,28.7,28.8,8.4,8.21,14.5,14.1,3.3528,1996,43,"october","22/10/1996",58,"fall",NA,NA,NA,NA,1,1,NA,NA,334,NA,NA,NA,NA,NA,NA,NA,NA,NA,NA,NA,NA,NA,1,NA,NA,NA,NA,NA,NA,NA,NA,2,1,3,NA,NA,NA,NA,NA,NA,NA,NA,1,8,NA,352
"312",19962260,2.286,3.6576,25.7,26.1,8.6,8.41,18.1,18,1.9812,1996,22,"may","29/05/1996",60,"spring",NA,NA,NA,NA,NA,NA,NA,NA,41,NA,NA,NA,NA,18,NA,NA,NA,NA,NA,NA,NA,NA,NA,1,NA,NA,NA,NA,NA,NA,NA,NA,NA,2,NA,NA,NA,NA,NA,1,NA,NA,NA,8,NA,71
"313",19962460,2.4384,3.6576,25.8,26.4,7.22,7.34,21.4,21.4,1.524,1996,24,"june","10/06/1996",60,"spring",NA,NA,NA,NA,NA,NA,NA,NA,126,NA,NA,NA,1,4,NA,2,NA,NA,NA,NA,NA,NA,NA,NA,NA,NA,NA,NA,NA,NA,NA,NA,NA,1,NA,NA,NA,NA,NA,1,NA,NA,NA,95,NA,230
"314",19963460,2.4384,3.3528,26.5,26.8,7.3,7.2,24.8,24.6,1.524,1996,34,"august","20/08/1996",60,"summer",NA,NA,NA,NA,26,NA,NA,NA,638,NA,NA,NA,1,NA,NA,1,NA,1,NA,NA,NA,100,NA,NA,2,NA,NA,NA,NA,NA,NA,262,NA,NA,NA,NA,1,1,1,NA,NA,32,NA,40,NA,1106
"315",19962161,1.8288,2.68224,26.4,26.5,8.2,8.4,16.7,16.5,2.4384,1996,21,"may","21/05/1996",61,"spring",NA,NA,NA,NA,NA,NA,NA,NA,10,NA,NA,NA,NA,NA,NA,1,NA,NA,NA,NA,NA,NA,NA,NA,NA,NA,NA,NA,NA,NA,NA,NA,NA,NA,NA,NA,NA,NA,NA,NA,NA,NA,NA,6,NA,17
"316",19962261,1.9812,3.9624,26.3,26.2,8.08,8.18,17.8,17.8,1.9812,1996,22,"may","29/05/1996",61,"spring",NA,NA,NA,NA,NA,NA,NA,NA,95,NA,NA,NA,NA,NA,NA,NA,NA,NA,NA,NA,NA,NA,NA,NA,NA,NA,NA,NA,NA,NA,NA,NA,NA,NA,NA,NA,NA,NA,NA,2,3,NA,1,11,NA,112
"317",19962761,2.04216,4.2672,26.8,27.1,7.08,6.97,22.3,21.9,1.9812,1996,27,"july","02/07/1996",61,"summer",NA,NA,NA,NA,NA,NA,NA,NA,51,NA,NA,NA,NA,NA,NA,1,NA,NA,NA,NA,NA,NA,NA,1,1,NA,NA,NA,NA,NA,NA,31,NA,1,NA,NA,NA,NA,2,2,NA,25,1,33,NA,149
"318",19963461,3.9624,3.3528,27.2,27.2,6.46,6.5,24.4,24.4,1.6764,1996,34,"august","20/08/1996",61,"summer",NA,NA,NA,NA,2,NA,NA,NA,378,NA,NA,2,2,NA,NA,NA,NA,NA,NA,NA,NA,2,NA,3,1,NA,NA,NA,2,NA,NA,17,NA,2,NA,NA,NA,4,NA,1,NA,106,1,19,NA,542
"319",19963661,1.58496,0,27.7,27.7,6.32,6.25,23.5,23.5,1.6764,1996,36,"september","03/09/1996",61,"fall",NA,NA,NA,NA,144,NA,NA,NA,175,NA,1,NA,NA,NA,1,2,NA,1,NA,NA,3,NA,NA,2,2,NA,NA,NA,2,NA,NA,3,NA,2,NA,NA,NA,NA,3,2,NA,6,1,21,NA,371
"320",19963761,2.80416,2.7432,27.5,28.3,6.1,5.79,24.6,23.8,1.8288,1996,37,"september","10/09/1996",61,"fall",NA,NA,NA,NA,657,3,NA,NA,347,NA,NA,1,2,NA,NA,NA,NA,1,NA,NA,NA,1,NA,1,1,NA,NA,NA,NA,NA,NA,2,NA,NA,NA,NA,NA,5,NA,NA,NA,1,2,62,NA,1086
"321",19963861,1.70688,2.4384,28.8,28.7,7.41,7.38,18.63,18.61,1.8288,1996,38,"september","19/09/1996",61,"fall",NA,NA,NA,NA,8,NA,NA,NA,155,NA,NA,1,NA,NA,NA,NA,NA,NA,NA,NA,NA,NA,1,NA,NA,NA,NA,NA,NA,NA,NA,NA,NA,2,NA,NA,NA,NA,7,NA,NA,24,NA,23,NA,221
"322",19964061,1.8288,3.3528,28.6,28.6,7.72,7.73,18.6,18.7,2.1336,1996,40,"october","01/10/1996",61,"fall",NA,NA,NA,NA,2,NA,NA,NA,292,NA,NA,4,1,NA,NA,NA,NA,2,NA,NA,NA,NA,NA,NA,NA,NA,NA,NA,NA,NA,NA,NA,NA,NA,NA,NA,NA,NA,NA,1,NA,3,NA,45,NA,350
"323",19964161,2.56032,3.3528,28.5,28.8,8.1,7.9,14.7,14.9,2.8956,1996,41,"october","08/10/1996",61,"fall",NA,NA,NA,NA,5,3,NA,NA,353,NA,NA,NA,NA,NA,NA,2,NA,NA,NA,NA,NA,NA,2,NA,NA,NA,NA,NA,NA,NA,1,NA,NA,1,NA,NA,NA,NA,NA,NA,NA,NA,NA,15,NA,382
"324",19964461,2.1336,4.2672,27.9,28,8.3,8.2,14.5,14.4,3.048,1996,44,"october","28/10/1996",61,"fall",NA,NA,NA,NA,NA,NA,NA,NA,6,NA,1,NA,NA,NA,NA,NA,NA,NA,NA,NA,NA,NA,NA,4,NA,1,NA,NA,NA,NA,NA,NA,NA,NA,NA,NA,NA,NA,1,NA,NA,NA,NA,8,NA,21
"325",19962162,5.4864,7.0104,26.3,26.9,8.45,8.25,18.1,0,3.048,1996,21,"may","21/05/1996",62,"spring",NA,NA,NA,NA,NA,NA,NA,NA,60,NA,NA,NA,NA,55,NA,10,NA,NA,NA,NA,4,NA,NA,NA,NA,NA,NA,NA,NA,NA,2,NA,NA,NA,NA,NA,2,2,NA,NA,1,NA,4,8,NA,148
"326",19962862,4.572,2.4384,27,27.7,7.79,6.51,24.2,22.7,2.1336,1996,28,"july","09/07/1996",62,"summer",NA,NA,NA,NA,17,NA,NA,NA,60,NA,NA,NA,1,1,NA,2,NA,NA,NA,NA,1,NA,NA,1,NA,NA,NA,NA,NA,NA,NA,197,NA,1,NA,NA,5,NA,NA,NA,NA,17,1,18,NA,322
"327",19963562,5.1816,6.4008,27.4,27.9,6.8,5.5,25.1,24.4,1.8288,1996,35,"august","27/08/1996",62,"summer",NA,NA,NA,NA,93,NA,NA,NA,2490,NA,NA,NA,1,NA,NA,1,NA,1,NA,NA,29,NA,NA,1,29,NA,NA,NA,NA,NA,NA,NA,NA,NA,NA,NA,NA,15,NA,1,NA,679,7,3,NA,3350
"328",19963862,5.1816,6.7056,28.9,29,7.11,6.94,18.73,18.73,1.6764,1996,38,"september","19/09/1996",62,"fall",NA,NA,NA,NA,84,NA,5,NA,4068,NA,NA,NA,1,NA,NA,9,NA,3,NA,NA,3,NA,NA,NA,4,NA,NA,NA,NA,NA,NA,1,NA,NA,1,NA,2,5,NA,1,NA,43,9,70,NA,4309
"329",19963962,6.096,6.4008,28.1,28.4,0,0,18.5,18.4,1.524,1996,39,"september","25/09/1996",62,"fall",NA,NA,NA,NA,475,2,1,1,1929,NA,1,1,NA,NA,NA,7,NA,NA,NA,NA,1,NA,NA,NA,7,NA,NA,NA,1,NA,NA,3,1,NA,NA,NA,NA,6,1,NA,NA,228,14,44,NA,2723
"330",19964162,5.7912,5.1816,28.9,29.1,8.01,7.62,15,15.1,2.7432,1996,41,"october","08/10/1996",62,"fall",NA,NA,NA,NA,127,2,NA,NA,1214,NA,NA,NA,1,NA,NA,5,NA,NA,NA,NA,4,NA,1,4,NA,NA,NA,NA,NA,NA,NA,NA,NA,NA,3,NA,1,NA,NA,NA,NA,5,2,15,NA,1384
"331",19961963,4.572,6.4008,26.2,26.7,8.8,8.6,13.4,13.2,2.4384,1996,19,"may","09/05/1996",63,"spring",NA,NA,NA,NA,6736,NA,NA,NA,1,NA,NA,NA,NA,NA,NA,1,NA,NA,NA,NA,6,NA,NA,NA,NA,NA,NA,NA,NA,NA,NA,NA,NA,NA,NA,NA,NA,NA,NA,NA,NA,NA,2,6,NA,6752
"332",19962063,5.1816,7.0104,26.4,26.7,8.7,8.5,13.9,13.8,2.8956,1996,20,"may","15/05/1996",63,"spring",NA,NA,NA,NA,365,NA,NA,NA,27,NA,NA,NA,1,NA,NA,3,NA,NA,NA,NA,1,NA,2,NA,NA,NA,NA,NA,NA,NA,NA,NA,NA,NA,NA,NA,4,NA,NA,NA,NA,NA,NA,8,NA,411
"333",19962563,5.4864,5.4864,27,27.3,7.3,3.7,23.5,22.3,3.5052,1996,25,"june","18/06/1996",63,"spring",NA,NA,NA,NA,NA,NA,NA,NA,279,NA,NA,NA,NA,NA,NA,2,NA,NA,NA,NA,1,NA,NA,NA,NA,NA,NA,NA,NA,NA,NA,NA,NA,2,NA,NA,NA,4,NA,NA,NA,NA,NA,11,NA,299
"334",19962663,5.4864,5.1816,27,26.8,6.73,6.43,21.9,21.9,1.6764,1996,26,"june","24/06/1996",63,"spring",NA,NA,NA,NA,NA,NA,NA,NA,808,NA,NA,NA,1,1,1,10,NA,NA,NA,NA,NA,NA,NA,NA,NA,NA,NA,NA,NA,NA,NA,9,NA,NA,NA,NA,NA,NA,NA,1,NA,NA,1,93,NA,925
"335",19963063,4.8768,6.7056,27.7,27.7,5.7,5.5,22.6,22.6,1.9812,1996,30,"july","23/07/1996",63,"summer",NA,NA,NA,NA,167,NA,4,1,201,NA,NA,NA,NA,NA,3,7,NA,NA,NA,NA,8,NA,NA,3,3,NA,NA,NA,NA,NA,1,1,NA,NA,NA,NA,2,5,NA,1,NA,960,22,21,NA,1410
"336",19964163,5.4864,7.0104,29.2,29.2,7.6,7.5,15.1,15.1,2.286,1996,41,"october","08/10/1996",63,"fall",NA,NA,NA,NA,176,NA,NA,NA,238,NA,NA,NA,NA,NA,NA,8,NA,NA,NA,NA,18,NA,NA,4,NA,NA,NA,NA,NA,NA,NA,NA,NA,NA,NA,NA,1,NA,NA,NA,NA,NA,1,8,NA,454
"337",19962264,6.4008,4.572,26.8,26.8,6.49,6.6,17.9,17.7,1.9812,1996,22,"may","29/05/1996",64,"spring",NA,NA,NA,NA,NA,NA,NA,NA,83,NA,NA,NA,NA,916,NA,NA,NA,NA,NA,NA,4,NA,3,1,NA,NA,NA,NA,NA,NA,NA,NA,NA,NA,NA,NA,1,NA,1,NA,NA,NA,NA,5,NA,1014
"338",19962364,6.096,6.096,26.4,26.9,7.82,7.2,17.8,17.7,1.9812,1996,23,"june","04/06/1996",64,"spring",NA,NA,NA,NA,36,NA,NA,NA,24,NA,NA,NA,NA,2,NA,7,NA,NA,NA,NA,6,NA,3,NA,NA,NA,NA,NA,NA,NA,NA,NA,NA,NA,NA,NA,NA,NA,NA,NA,NA,1,NA,37,NA,116
"339",19962864,6.4008,4.8768,27.5,27.3,7.9,7.2,23.1,22.6,2.286,1996,28,"july","09/07/1996",64,"summer",NA,NA,NA,NA,67,NA,NA,NA,188,NA,NA,NA,1,NA,NA,14,NA,NA,NA,NA,2,NA,3,NA,NA,NA,NA,NA,1,NA,2,57,NA,NA,NA,NA,1,NA,NA,NA,NA,41,3,37,NA,417
"340",19962964,6.096,6.096,27.7,27.7,7.32,7.17,23.3,23,1.6764,1996,29,"july","17/07/1996",64,"summer",NA,NA,NA,NA,476,NA,3,1,9,NA,NA,NA,1,1,NA,1,NA,NA,NA,NA,16,NA,NA,NA,2,NA,NA,NA,1,NA,NA,8,NA,NA,NA,NA,14,3,NA,NA,NA,422,25,14,NA,997
"341",19963164,6.7056,5.1816,26.8,27.9,7.33,6.23,22.7,22.6,2.4384,1996,31,"august","02/08/1996",64,"summer",NA,NA,NA,NA,67,NA,2,1,504,NA,NA,4,NA,NA,NA,4,NA,NA,NA,NA,4,NA,NA,7,23,NA,NA,NA,2,NA,1,NA,NA,NA,NA,NA,6,15,NA,NA,NA,1046,9,60,NA,1755
"342",19963264,5.1816,4.572,27,27,7.7,5.6,23.1,22.6,1.9812,1996,32,"august","05/08/1996",64,"summer",NA,NA,NA,NA,61,NA,NA,NA,355,NA,NA,1,NA,NA,NA,1,NA,NA,NA,NA,2,NA,NA,6,6,NA,NA,NA,1,NA,NA,NA,NA,1,NA,NA,NA,2,NA,NA,NA,377,1,2,NA,816
"343",19963464,6.4008,6.7056,27.9,27.9,7.12,7.19,24.4,24,1.8288,1996,34,"august","20/08/1996",64,"summer",NA,NA,NA,NA,52,NA,3,1,2,NA,NA,NA,NA,NA,NA,19,NA,NA,NA,NA,14,NA,NA,NA,12,NA,NA,NA,NA,NA,NA,NA,NA,NA,NA,NA,5,1,NA,NA,NA,431,6,3,NA,549
"344",19963964,6.7056,6.7056,28.2,28.2,0,0,18.9,18.7,1.524,1996,39,"september","25/09/1996",64,"fall",NA,NA,NA,NA,15,NA,NA,NA,521,NA,NA,2,1,NA,NA,8,NA,NA,NA,NA,12,NA,NA,NA,NA,NA,NA,NA,NA,NA,NA,NA,NA,NA,NA,NA,NA,3,NA,NA,NA,157,10,10,NA,739
"345",19964064,6.7056,7.0104,28.9,29.2,7.8,7.3,18.7,18.3,2.1336,1996,40,"october","01/10/1996",64,"fall",NA,NA,NA,NA,322,NA,NA,1,458,NA,NA,NA,1,NA,1,2,NA,NA,NA,NA,11,NA,NA,NA,3,NA,NA,NA,NA,NA,NA,NA,NA,NA,NA,NA,1,1,NA,1,NA,216,7,6,NA,1031
"346",19962365,6.4008,6.7056,27.1,27,7.63,7.64,17.8,17.9,1.9812,1996,23,"june","04/06/1996",65,"spring",NA,NA,NA,NA,338,NA,NA,NA,6,NA,NA,NA,1,1105,NA,2,NA,NA,NA,NA,NA,NA,NA,NA,NA,NA,NA,NA,NA,NA,2,NA,NA,NA,NA,NA,NA,1,NA,NA,NA,NA,1,25,NA,1481
"347",19962465,7.0104,6.4008,26.6,27,8.28,8.24,20.6,20,2.286,1996,24,"june","10/06/1996",65,"spring",NA,NA,NA,NA,157,NA,NA,NA,3,NA,NA,NA,NA,4219,1,2,NA,NA,NA,NA,2,NA,20,NA,NA,NA,NA,NA,NA,NA,10,NA,NA,NA,NA,NA,NA,NA,NA,NA,NA,NA,15,301,1,4731
"348",19963565,7.0104,6.7056,28.1,28.1,6.9,6.1,25.6,24.6,1.9812,1996,35,"august","27/08/1996",65,"summer",NA,NA,NA,NA,85,NA,13,NA,1385,NA,NA,NA,NA,NA,1,14,NA,NA,NA,NA,10,NA,NA,NA,14,NA,NA,NA,1,NA,NA,NA,NA,NA,1,NA,1,NA,NA,NA,NA,560,7,7,NA,2099
"349",19964165,7.3152,0,29.2,29.4,7.6,6.9,15.8,15.8,2.1336,1996,41,"october","08/10/1996",65,"fall",NA,NA,NA,NA,163,NA,NA,NA,319,NA,NA,1,NA,NA,NA,1,NA,NA,NA,NA,25,NA,NA,1,NA,1,NA,NA,NA,NA,NA,NA,NA,2,NA,NA,NA,NA,NA,NA,NA,106,12,6,NA,637
"350",19961966,7.0104,7.3152,26.9,26.9,8.38,8.88,14.2,13.2,1.8288,1996,19,"may","07/05/1996",66,"spring",NA,NA,NA,NA,94,NA,NA,NA,NA,NA,NA,NA,NA,NA,NA,4,NA,NA,NA,NA,1,NA,NA,NA,NA,NA,NA,NA,NA,NA,NA,NA,NA,NA,NA,NA,NA,NA,NA,NA,NA,NA,3,2,NA,104
"351",19962066,7.3152,7.3152,27.5,27.4,8.6,8.4,14.5,13.6,2.7432,1996,20,"may","15/05/1996",66,"spring",NA,NA,NA,NA,1526,NA,NA,1,2,NA,NA,NA,NA,NA,NA,2,NA,NA,NA,NA,NA,NA,NA,NA,NA,NA,NA,NA,NA,NA,NA,NA,NA,NA,NA,NA,NA,NA,NA,NA,3,NA,NA,1,NA,1535
"352",19962466,7.3152,7.0104,26.8,27,9.1,7.9,20.9,19.9,1.9812,1996,24,"june","10/06/1996",66,"spring",NA,NA,NA,NA,85,NA,NA,1,37,NA,NA,NA,1,695,NA,4,NA,NA,NA,NA,5,NA,4,NA,NA,NA,NA,NA,NA,NA,2,NA,NA,3,NA,NA,NA,1,NA,NA,NA,NA,11,78,1,928
"353",19963566,7.0104,6.7056,28.1,28.1,6.49,6.53,25.6,24.6,2.4384,1996,35,"august","27/08/1996",66,"summer",NA,NA,NA,NA,77,NA,1,1,13,NA,NA,NA,NA,NA,NA,NA,NA,NA,NA,NA,12,NA,NA,NA,13,NA,NA,NA,NA,NA,NA,NA,NA,NA,NA,NA,NA,2,NA,NA,NA,450,1,NA,NA,570
"354",19963766,7.0104,7.0104,28.3,28.7,6,5.91,25,23.9,2.4384,1996,37,"september","10/09/1996",66,"fall",NA,NA,NA,NA,438,NA,3,NA,14,NA,NA,NA,NA,NA,NA,NA,NA,NA,NA,NA,27,NA,NA,NA,5,NA,NA,NA,NA,NA,NA,NA,NA,2,1,NA,NA,2,NA,1,NA,141,1,NA,NA,635
"355",19964366,7.0104,7.0104,28.6,29.1,8.8,8,14.4,14,3.9624,1996,43,"october","22/10/1996",66,"fall",NA,NA,NA,NA,1172,NA,NA,2,582,NA,NA,NA,NA,NA,NA,5,NA,NA,NA,NA,6,NA,NA,NA,NA,1,NA,NA,2,NA,NA,NA,NA,NA,NA,NA,NA,NA,NA,NA,NA,3,1,1,NA,1775
"356",19964466,7.62,7.3152,28.7,28.8,8.3,8.1,14.5,14.5,3.5052,1996,44,"october","28/10/1996",66,"fall",NA,NA,NA,NA,777,NA,NA,NA,590,NA,NA,NA,NA,NA,NA,NA,NA,NA,NA,NA,1,NA,NA,1,NA,NA,NA,NA,1,NA,NA,NA,NA,NA,NA,NA,1,NA,1,NA,NA,3,3,5,NA,1383
"357",19961967,7.9248,6.7056,27.1,27.1,8.47,8.25,14.4,13.2,2.4384,1996,19,"may","07/05/1996",67,"spring",NA,NA,NA,NA,2579,NA,NA,NA,71,NA,NA,NA,NA,NA,NA,NA,NA,NA,NA,NA,1,NA,NA,NA,NA,NA,NA,NA,NA,NA,NA,NA,NA,1,NA,NA,NA,NA,NA,1,5,NA,3,2,NA,2663
"358",19962267,7.3152,7.62,26.8,26.5,7.79,7.41,17.9,17.8,2.5908,1996,22,"may","28/05/1996",67,"spring",NA,NA,NA,NA,11,NA,NA,1,43,NA,NA,NA,NA,11,NA,1,NA,NA,NA,NA,1,NA,NA,NA,NA,NA,NA,NA,NA,NA,NA,NA,NA,NA,NA,NA,NA,1,NA,NA,NA,NA,NA,2,NA,71
"359",19963067,7.9248,7.62,27.7,27.8,6.6,6,22.8,22.9,2.8956,1996,30,"july","23/07/1996",67,"summer",NA,NA,NA,NA,70,NA,NA,1,43,NA,NA,NA,NA,NA,1,4,NA,NA,NA,NA,7,NA,NA,NA,1,NA,NA,NA,NA,NA,NA,1,NA,NA,NA,NA,35,4,NA,NA,NA,1044,20,1,NA,1232
"360",19963267,7.3152,7.3152,27.6,27.7,7.5,6.7,23.6,22.8,2.5908,1996,32,"august","05/08/1996",67,"summer",NA,NA,NA,NA,201,NA,14,1,28,NA,NA,NA,1,NA,NA,NA,NA,NA,NA,NA,8,NA,NA,NA,2,NA,NA,NA,1,NA,1,NA,NA,NA,NA,NA,16,1,NA,1,NA,1726,3,NA,NA,2004
"361",19963867,8.5344,6.4008,29.1,29.1,7.2,6.9,19.2,19.1,2.5908,1996,38,"september","20/09/1996",67,"fall",NA,NA,NA,NA,19,NA,NA,NA,1450,NA,NA,4,NA,NA,NA,8,NA,1,NA,NA,2,NA,NA,NA,1,NA,NA,NA,NA,NA,1,NA,NA,NA,NA,NA,1,1,NA,1,NA,10,NA,7,NA,1506
"362",19964167,7.9248,8.5344,28.7,29.3,7.65,7.25,15.7,15.7,2.1336,1996,41,"october","10/10/1996",67,"fall",NA,NA,NA,NA,94,NA,NA,NA,154,NA,NA,7,NA,NA,NA,2,NA,NA,NA,NA,14,NA,NA,2,NA,NA,NA,NA,1,NA,NA,NA,NA,NA,1,NA,NA,NA,2,NA,NA,11,3,1,NA,292
"363",19961968,5.4864,5.4864,27.04,27.1,8.01,8.69,14,13.2,2.4384,1996,19,"may","07/05/1996",68,"spring",NA,NA,NA,NA,475,NA,NA,NA,NA,NA,NA,NA,NA,1,NA,1,NA,NA,NA,NA,NA,NA,NA,1,NA,NA,NA,NA,NA,NA,NA,NA,NA,2,NA,NA,NA,NA,NA,NA,3,NA,1,1,NA,485
"364",19962268,6.4008,4.572,26.3,26.3,7.6,7.4,17.7,17.5,2.7432,1996,22,"may","28/05/1996",68,"spring",NA,NA,NA,NA,2,NA,NA,NA,54,NA,NA,NA,NA,NA,NA,NA,NA,NA,NA,NA,NA,NA,NA,1,NA,NA,NA,NA,NA,NA,NA,NA,NA,2,NA,NA,NA,NA,NA,NA,NA,NA,NA,3,NA,62
"365",19962868,6.096,6.7056,27.6,27.8,6.9,6.5,22.7,22.6,1.8288,1996,28,"july","09/07/1996",68,"summer",NA,NA,NA,NA,2,NA,NA,NA,267,NA,NA,NA,NA,1,NA,1,NA,NA,NA,NA,NA,2,NA,2,13,NA,NA,NA,NA,NA,NA,415,NA,1,NA,NA,2,5,NA,NA,NA,20,NA,59,NA,790
"366",19962968,3.048,3.9624,27.6,27.7,7.75,6.77,25.3,23.5,2.286,1996,29,"july","17/07/1996",68,"summer",NA,NA,NA,NA,40,NA,2,NA,234,NA,NA,NA,NA,NA,NA,NA,NA,2,NA,NA,NA,2,NA,NA,6,NA,NA,NA,NA,NA,NA,116,NA,NA,NA,NA,7,3,NA,NA,NA,5,NA,95,NA,512
"367",19963668,6.096,5.7912,28.3,28.3,5.59,6.16,24.4,23.4,2.4384,1996,36,"september","03/09/1996",68,"fall",NA,NA,NA,NA,94,NA,2,NA,322,NA,NA,NA,1,NA,NA,NA,NA,5,NA,NA,1,NA,NA,3,7,NA,NA,NA,NA,NA,NA,NA,NA,NA,NA,NA,1,4,NA,2,NA,73,2,9,NA,526
"368",19963968,6.4008,5.7912,29.1,29.2,7.1,7.1,18.8,18.8,2.7432,1996,39,"september","24/09/1996",68,"fall",NA,NA,NA,NA,NA,NA,NA,NA,837,NA,NA,NA,NA,NA,NA,5,NA,2,NA,NA,NA,NA,NA,NA,NA,NA,NA,NA,NA,NA,NA,NA,NA,NA,NA,NA,NA,2,1,NA,NA,NA,2,3,NA,852
"369",19964068,5.4864,6.096,28.9,29.2,7.3,7.4,18.1,18.3,3.3528,1996,40,"october","01/10/1996",68,"fall",NA,NA,NA,NA,5,NA,NA,1,794,NA,NA,NA,1,NA,NA,NA,NA,2,NA,NA,NA,NA,NA,NA,1,NA,NA,NA,NA,NA,NA,2,NA,NA,NA,NA,NA,NA,1,NA,NA,4,2,2,NA,815
"370",19963169,3.048,3.048,25.5,26.8,6.91,6.81,23.3,22.9,2.1336,1996,31,"august","02/08/1996",69,"summer",NA,NA,NA,NA,3,NA,NA,NA,312,NA,NA,NA,NA,NA,NA,1,NA,7,NA,NA,NA,1,NA,1,9,NA,NA,NA,1,NA,NA,564,NA,1,NA,NA,2,4,3,NA,NA,410,1,55,NA,1375
"371",19963569,2.68224,1.9812,27.4,27.5,6.4,6.03,25.1,24.6,2.286,1996,35,"august","27/08/1996",69,"summer",NA,NA,NA,NA,15,NA,NA,NA,61,NA,NA,NA,1,NA,NA,NA,NA,3,NA,NA,NA,NA,NA,NA,NA,NA,NA,NA,NA,NA,NA,99,NA,NA,NA,NA,NA,NA,2,NA,NA,1,NA,10,NA,192
"372",19963969,3.048,2.49936,27.1,27.6,0,0,18.2,18.2,0,1996,39,"september","25/09/1996",69,"fall",NA,NA,NA,NA,83,NA,NA,NA,125,NA,NA,1,1,NA,NA,NA,NA,NA,NA,NA,1,NA,NA,NA,NA,NA,NA,NA,NA,NA,1,NA,NA,2,NA,NA,NA,NA,3,NA,NA,9,NA,3,NA,229
"373",19962570,3.6576,2.40792,25.7,26.5,7.6,5.73,24.2,23.9,2.4384,1996,25,"june","18/06/1996",70,"spring",NA,NA,NA,NA,NA,NA,NA,NA,12,NA,NA,NA,NA,NA,NA,2,NA,NA,NA,NA,NA,NA,NA,NA,NA,NA,NA,NA,NA,NA,1,NA,NA,1,NA,NA,NA,NA,NA,1,NA,NA,NA,4,NA,21
"374",19964370,3.3528,3.9624,24.6,27.9,8.2,7.3,13.7,14.1,3.3528,1996,43,"october","22/10/1996",70,"fall",NA,NA,NA,NA,214,NA,NA,NA,462,NA,NA,NA,NA,NA,NA,NA,NA,NA,NA,NA,6,NA,NA,2,NA,NA,NA,NA,NA,NA,NA,2,NA,2,NA,NA,NA,NA,4,NA,NA,NA,4,12,NA,708
"375",19962171,3.048,5.4864,26.5,26.7,7.8,8.4,18.2,15.6,2.5908,1996,21,"may","21/05/1996",71,"spring",NA,NA,NA,NA,NA,NA,NA,NA,12,NA,NA,NA,NA,52,NA,19,NA,NA,NA,NA,NA,NA,NA,1,NA,NA,NA,NA,NA,NA,NA,NA,NA,NA,NA,1,3,NA,NA,NA,NA,NA,1,1,NA,90
"376",19962871,2.04216,2.5908,26.6,27.6,7.81,8.65,24.3,23.1,2.4384,1996,28,"july","09/07/1996",71,"summer",NA,NA,NA,NA,4,NA,NA,NA,58,NA,NA,NA,NA,NA,NA,2,NA,NA,NA,NA,NA,1,NA,NA,1,NA,NA,NA,NA,NA,NA,27,NA,NA,NA,NA,NA,1,NA,NA,NA,NA,2,113,NA,209
"377",19963171,1.8288,3.048,26.6,26.6,7.29,7.42,22.9,22.7,2.286,1996,31,"august","02/08/1996",71,"summer",NA,NA,NA,NA,10,NA,NA,NA,93,NA,NA,NA,NA,NA,NA,1,NA,NA,NA,NA,NA,NA,NA,1,NA,NA,NA,NA,NA,NA,NA,155,NA,3,NA,NA,NA,NA,1,NA,NA,1,NA,8,NA,273
"378",19963871,2.52984,3.048,28.2,28.2,7.92,8.09,18.48,18.5,1.8288,1996,38,"september","19/09/1996",71,"fall",NA,NA,NA,NA,1,NA,NA,NA,150,NA,1,NA,NA,NA,NA,3,NA,NA,NA,NA,NA,NA,NA,NA,2,NA,NA,NA,NA,NA,NA,NA,NA,NA,NA,NA,NA,NA,NA,NA,NA,NA,2,2,NA,161
"379",19964471,2.86512,3.3528,28.5,28.5,8.41,8.3,14.4,14.4,3.9624,1996,44,"october","28/10/1996",71,"fall",NA,NA,NA,NA,2,NA,NA,NA,11,NA,NA,NA,NA,NA,NA,NA,NA,NA,NA,NA,NA,NA,NA,NA,NA,NA,NA,NA,NA,NA,NA,3,NA,NA,NA,NA,NA,NA,NA,NA,NA,NA,NA,1,1,18
"380",19962572,3.6576,5.1816,27,27.1,7.25,7.15,23.5,23.4,3.5052,1996,25,"june","18/06/1996",72,"spring",NA,NA,NA,NA,NA,NA,NA,NA,580,NA,NA,NA,NA,1,NA,3,NA,NA,NA,NA,1,NA,NA,NA,NA,NA,NA,NA,NA,NA,NA,NA,NA,NA,NA,NA,NA,2,NA,NA,NA,NA,3,18,NA,608
"381",19962772,4.8768,5.7912,27.2,27.7,7.68,6.49,23.5,21.7,2.4384,1996,27,"july","02/07/1996",72,"summer",NA,NA,NA,NA,2,NA,NA,NA,187,NA,NA,NA,1,NA,NA,NA,NA,NA,NA,NA,4,NA,1,1,NA,NA,NA,NA,1,NA,NA,14,NA,NA,NA,NA,NA,2,NA,NA,NA,43,4,124,NA,384
"382",19963072,3.3528,2.1336,27.7,27.7,6.9,6.7,22.2,22.2,1.8288,1996,30,"july","23/07/1996",72,"summer",NA,NA,NA,NA,4,NA,NA,NA,172,NA,NA,NA,1,NA,NA,NA,NA,1,NA,NA,NA,NA,NA,1,NA,NA,NA,NA,NA,NA,1,296,NA,4,NA,NA,7,1,NA,NA,NA,7,1,24,NA,520
"383",19963372,4.8768,2.4384,27.2,27.3,7.2,7.6,22.8,22.2,1.8288,1996,33,"august","14/08/1996",72,"summer",NA,NA,NA,NA,15,NA,NA,NA,136,NA,NA,NA,2,NA,NA,3,NA,2,NA,NA,NA,NA,NA,1,3,NA,NA,NA,NA,NA,NA,31,NA,1,NA,NA,1,1,NA,NA,NA,5,1,21,NA,223
"384",19963772,5.7912,3.6576,28.1,28.4,6.7,4.7,24.3,23.5,2.1336,1996,37,"september","10/09/1996",72,"fall",NA,NA,NA,NA,100,NA,25,NA,4528,NA,NA,NA,NA,NA,NA,NA,NA,1,NA,NA,1,NA,NA,1,10,NA,NA,NA,NA,NA,NA,21,NA,2,NA,NA,NA,4,NA,NA,NA,10,11,11,NA,4725
"385",19962173,5.7912,7.0104,26.5,26.7,8.3,8,18.7,17.4,3.3528,1996,21,"may","23/05/1996",73,"spring",NA,NA,NA,NA,162,NA,NA,NA,22,NA,NA,NA,NA,172,NA,2,NA,NA,NA,NA,4,NA,NA,NA,NA,NA,NA,NA,NA,NA,1,NA,NA,NA,NA,NA,NA,NA,NA,1,NA,NA,NA,2,NA,366
"386",19963673,7.0104,4.572,28.1,28.1,6.88,6.63,23.2,23,1.6764,1996,36,"september","03/09/1996",73,"fall",NA,NA,NA,NA,864,NA,4,NA,2613,NA,NA,1,1,NA,NA,7,NA,1,NA,NA,52,NA,NA,1,31,NA,NA,NA,NA,NA,NA,NA,NA,NA,NA,NA,4,5,NA,NA,NA,340,3,1,NA,3928
"387",19963773,7.3152,7.0104,28.2,28.5,7,5.9,24.6,23.7,2.7432,1996,37,"september","10/09/1996",73,"fall",NA,NA,NA,NA,321,NA,3,NA,2873,NA,NA,NA,NA,NA,NA,1,NA,NA,NA,NA,36,1,NA,NA,6,NA,NA,NA,1,NA,NA,1,1,NA,1,NA,NA,3,NA,NA,NA,374,6,4,NA,3632
"388",19962674,7.0104,7.3152,27.3,27.3,8.22,7.97,22.3,22.2,2.286,1996,26,"june","28/06/1996",74,"spring",NA,NA,NA,NA,561,NA,NA,NA,87,NA,NA,NA,NA,6,1,3,NA,NA,NA,NA,11,NA,NA,NA,NA,NA,NA,NA,NA,NA,NA,3,NA,NA,NA,NA,NA,NA,NA,NA,NA,14,21,26,NA,733
"389",19963374,7.62,7.62,27.6,27.6,6.99,7.47,24.1,22.6,2.1336,1996,33,"august","14/08/1996",74,"summer",NA,NA,NA,NA,117,NA,29,2,15,NA,NA,NA,1,NA,NA,2,NA,NA,NA,NA,9,NA,NA,NA,9,NA,NA,NA,NA,NA,NA,NA,NA,NA,NA,NA,2,3,NA,NA,NA,157,1,1,NA,348
"390",19963674,7.0104,7.0104,28.3,28.4,7.2,6.7,23.5,23.3,1.9812,1996,36,"september","03/09/1996",74,"fall",NA,NA,NA,NA,58,NA,NA,NA,8,NA,NA,1,NA,NA,NA,6,NA,1,NA,NA,15,NA,NA,1,2,NA,NA,NA,NA,NA,NA,NA,NA,NA,1,NA,2,1,NA,NA,NA,92,NA,NA,NA,188
"391",19963874,7.62,0,28.6,29,7.36,7.25,18.23,18.55,1.8288,1996,38,"september","19/09/1996",74,"fall",NA,NA,NA,NA,327,NA,1,2,345,NA,NA,1,NA,NA,NA,NA,NA,NA,NA,NA,10,NA,NA,NA,NA,NA,NA,NA,NA,NA,NA,NA,NA,NA,NA,NA,1,1,1,NA,NA,64,7,4,NA,764
"392",19963974,7.3152,7.3152,29.1,29.3,8.3,7.3,18.9,18.6,2.1336,1996,39,"september","24/09/1996",74,"fall",NA,NA,NA,NA,126,NA,NA,1,366,NA,NA,1,1,NA,NA,NA,NA,NA,NA,NA,10,NA,NA,NA,NA,NA,NA,NA,1,NA,NA,NA,NA,NA,NA,NA,3,1,2,NA,NA,91,1,4,NA,608
"393",19962175,5.4864,3.9624,26.8,26.8,8.3,8.55,19.1,18.3,2.8956,1996,21,"may","23/05/1996",75,"spring",NA,NA,NA,NA,NA,NA,NA,NA,38,NA,NA,NA,NA,NA,NA,12,NA,NA,NA,NA,1,NA,NA,NA,NA,NA,1,NA,NA,NA,NA,NA,NA,2,NA,NA,NA,NA,NA,1,NA,NA,NA,NA,NA,55
"394",19962775,4.8768,6.4008,27.1,27.2,6.9,6.8,21.7,21.6,2.286,1996,27,"july","01/07/1996",75,"summer",NA,NA,NA,NA,NA,NA,NA,NA,428,NA,NA,NA,NA,NA,NA,1,NA,NA,NA,NA,NA,NA,NA,NA,NA,NA,NA,NA,NA,NA,NA,76,1,2,NA,NA,1,NA,NA,1,NA,8,5,29,NA,552
"395",19963175,4.8768,3.6576,27.7,27.9,7,6.8,22.5,22.7,2.4384,1996,31,"august","01/08/1996",75,"summer",NA,NA,NA,NA,NA,NA,NA,NA,113,NA,NA,NA,NA,NA,NA,NA,NA,3,NA,NA,NA,NA,NA,2,4,NA,NA,NA,NA,NA,NA,61,NA,6,NA,NA,16,3,NA,2,NA,1,3,19,NA,233
"396",19963275,4.8768,7.3152,27.6,27.6,7.35,7.23,24.3,22.9,3.2004,1996,32,"august","05/08/1996",75,"summer",NA,NA,NA,NA,145,NA,7,NA,59,NA,NA,NA,NA,NA,NA,2,NA,2,NA,NA,13,NA,NA,3,10,NA,NA,NA,NA,NA,NA,27,1,9,NA,NA,17,7,NA,NA,NA,710,8,30,NA,1050
"397",19961976,3.6576,7.3152,27,27.1,8.78,8.8,13.2,13.1,2.7432,1996,19,"may","07/05/1996",76,"spring",NA,NA,NA,NA,840,NA,NA,NA,6,NA,NA,NA,NA,NA,NA,1,NA,NA,NA,NA,NA,NA,NA,NA,NA,NA,NA,NA,NA,NA,NA,NA,NA,5,NA,NA,NA,NA,1,NA,2,NA,1,4,NA,860
"398",19962076,4.2672,6.7056,26.3,26.9,8.66,8.81,14,13.5,2.5908,1996,20,"may","15/05/1996",76,"spring",NA,NA,NA,NA,53,NA,NA,NA,12,NA,NA,NA,1,NA,NA,8,NA,NA,NA,NA,NA,NA,NA,NA,NA,NA,NA,NA,NA,NA,NA,NA,NA,3,NA,NA,2,NA,NA,1,NA,NA,1,2,NA,83
"399",19962776,5.4864,6.4008,27.1,27.8,7.08,6.91,21.4,21.3,2.7432,1996,27,"july","01/07/1996",76,"summer",NA,NA,NA,NA,NA,NA,NA,NA,2077,NA,NA,NA,NA,NA,NA,7,NA,NA,NA,NA,2,NA,NA,NA,1,NA,NA,NA,NA,NA,NA,33,NA,NA,NA,NA,NA,NA,NA,1,NA,15,2,18,NA,2156
"400",19963176,3.9624,3.6576,27.7,27.9,6.81,6.83,22.5,22.7,3.3528,1996,31,"august","01/08/1996",76,"summer",NA,NA,NA,NA,NA,NA,NA,NA,142,NA,NA,NA,2,NA,NA,NA,NA,6,NA,NA,NA,NA,NA,1,3,NA,NA,NA,NA,NA,NA,29,NA,4,NA,NA,35,6,2,NA,NA,3,1,41,NA,275
"401",19963576,4.8768,0,28,28.1,6.34,6.39,25.1,24.7,1.3716,1996,35,"august","27/08/1996",76,"summer",NA,NA,NA,NA,92,NA,1,3,1678,NA,NA,NA,2,NA,NA,NA,NA,1,NA,NA,18,NA,NA,1,14,NA,NA,NA,NA,NA,NA,NA,NA,3,NA,NA,6,4,NA,1,NA,544,13,7,NA,2388
"402",19964176,5.1816,6.7056,28.6,29.1,7.6,7.4,15.5,15.7,1.524,1996,41,"october","10/10/1996",76,"fall",NA,NA,NA,NA,843,1,NA,NA,358,NA,NA,1,NA,NA,NA,1,NA,1,NA,NA,3,NA,NA,1,NA,NA,NA,NA,NA,NA,NA,1,NA,NA,1,NA,1,NA,NA,NA,NA,2,3,5,NA,1222
"403",19961977,0.97536,3.3528,26.9,26.9,8.12,8.53,13.4,13.4,2.1336,1996,19,"may","09/05/1996",77,"spring",NA,NA,NA,NA,6,NA,NA,NA,NA,NA,NA,NA,NA,NA,NA,2,NA,NA,NA,NA,NA,NA,NA,NA,NA,NA,NA,NA,NA,NA,NA,NA,NA,1,NA,NA,NA,NA,NA,NA,1,NA,NA,NA,1,11
"404",19962277,1.8288,0,27,26.9,7.7,8,17.6,17.7,2.1336,1996,22,"may","29/05/1996",77,"spring",NA,NA,NA,NA,NA,NA,NA,NA,24,NA,NA,NA,NA,NA,NA,6,NA,NA,NA,NA,NA,NA,NA,NA,NA,NA,NA,NA,NA,NA,NA,NA,NA,NA,NA,NA,NA,NA,NA,NA,NA,NA,NA,NA,NA,30
"405",19962977,0,0,27.7,27.7,7.97,7.89,23.5,23.4,2.286,1996,29,"july","17/07/1996",77,"summer",NA,NA,NA,NA,4,NA,NA,1,453,NA,NA,NA,2,NA,NA,NA,NA,NA,NA,NA,NA,6,NA,NA,52,NA,NA,NA,1,NA,NA,77,NA,6,NA,NA,2,5,NA,NA,NA,9,6,19,NA,643
"406",19963277,0.9144,2.04216,27.7,27.7,6.34,7.7,24.5,23.3,2.4384,1996,32,"august","05/08/1996",77,"summer",NA,NA,NA,NA,4,NA,NA,NA,66,NA,NA,NA,1,NA,NA,NA,NA,2,NA,NA,NA,1,NA,3,3,NA,NA,NA,NA,NA,NA,54,NA,2,NA,NA,4,NA,NA,NA,NA,1,NA,12,NA,153
"407",19963877,2.49936,2.56032,28.5,28.5,7.83,7.97,18.61,18.61,2.4384,1996,38,"september","19/09/1996",77,"fall",NA,NA,NA,NA,NA,NA,NA,NA,166,NA,NA,NA,1,NA,NA,NA,NA,NA,NA,NA,NA,NA,NA,NA,1,NA,NA,NA,NA,NA,NA,NA,1,NA,NA,NA,2,NA,NA,NA,NA,NA,1,6,NA,178
"408",19964277,1.8288,2.7432,28.9,28.9,8.3,8.3,13.7,13.6,2.7432,1996,42,"october","16/10/1996",77,"fall",NA,NA,NA,NA,9,NA,NA,NA,100,NA,NA,NA,NA,NA,NA,NA,NA,NA,NA,NA,NA,NA,NA,1,1,NA,NA,NA,NA,NA,NA,NA,NA,1,NA,NA,NA,NA,NA,NA,NA,NA,NA,1,NA,113
"409",19964477,2.4384,2.4384,28.6,28.6,8.1,8.2,14.7,14.6,3.3528,1996,44,"october","28/10/1996",77,"fall",NA,NA,NA,NA,10,NA,NA,NA,13,NA,NA,NA,NA,NA,NA,NA,NA,NA,NA,NA,NA,NA,NA,NA,NA,NA,NA,NA,NA,NA,NA,2,NA,NA,NA,NA,NA,NA,NA,NA,NA,NA,NA,2,NA,27
